label,bucket_value,n,pos_rate,err_rate,FNR,FPR,bucket_type,variant
fake_urgency,<=2,52.0,0.38461538461538464,0.28846153846153844,0.35,0.25,len_words_bucket,MODEL
fake_urgency,3-4,112.0,0.30357142857142855,0.16964285714285715,0.029411764705882353,0.23076923076923078,len_words_bucket,MODEL
fake_urgency,5-7,233.0,0.30042918454935624,0.13304721030042918,0.11428571428571428,0.1411042944785276,len_words_bucket,MODEL
fake_urgency,8-12,148.0,0.30405405405405406,0.033783783783783786,0.022222222222222223,0.038834951456310676,len_words_bucket,MODEL
fake_urgency,13+,60.0,0.38333333333333336,0.05,0.08695652173913043,0.02702702702702703,len_words_bucket,MODEL
fake_urgency,DATE,2.0,0.5,0.5,0.0,1.0,ph_profile,MODEL
fake_urgency,MONEY,1.0,0.0,0.0,0.0,0.0,ph_profile,MODEL
fake_urgency,NUM,120.0,0.30833333333333335,0.25,0.13513513513513514,0.30120481927710846,ph_profile,MODEL
fake_urgency,PEOPLE,81.0,0.0,0.0,0.0,0.0,ph_profile,MODEL
fake_urgency,PEOPLE+NUM,9.0,0.0,0.1111111111111111,0.0,0.1111111111111111,ph_profile,MODEL
fake_urgency,SCARCITY,9.0,0.0,0.0,0.0,0.0,ph_profile,MODEL
fake_urgency,SCARCITY+NUM,4.0,0.0,0.0,0.0,0.0,ph_profile,MODEL
fake_urgency,SCARCITY+PEOPLE,5.0,0.0,0.0,0.0,0.0,ph_profile,MODEL
fake_urgency,SCARCITY+SOCIAL_COUNT,10.0,0.0,0.0,0.0,0.0,ph_profile,MODEL
fake_urgency,SOCIAL_COUNT,11.0,0.0,0.2727272727272727,0.0,0.2727272727272727,ph_profile,MODEL
fake_urgency,SOCIAL_COUNT+NUM,2.0,0.0,0.0,0.0,0.0,ph_profile,MODEL
fake_urgency,STOCK,17.0,0.0,0.0,0.0,0.0,ph_profile,MODEL
fake_urgency,STOCK+NUM,1.0,1.0,0.0,0.0,0.0,ph_profile,MODEL
fake_urgency,TIMER,82.0,0.9146341463414634,0.08536585365853659,0.0,1.0,ph_profile,MODEL
fake_urgency,TIMER+DATE,1.0,1.0,0.0,0.0,0.0,ph_profile,MODEL
fake_urgency,TIMER+MONEY,2.0,1.0,0.0,0.0,0.0,ph_profile,MODEL
fake_urgency,TIMER+NUM,34.0,0.9411764705882353,0.058823529411764705,0.0,1.0,ph_profile,MODEL
fake_urgency,TIMER+PEOPLE,1.0,0.0,0.0,0.0,0.0,ph_profile,MODEL
fake_urgency,TIMER+SOCIAL_COUNT,2.0,0.0,1.0,0.0,1.0,ph_profile,MODEL
fake_urgency,none,211.0,0.2037914691943128,0.12796208530805686,0.32558139534883723,0.07738095238095238,ph_profile,MODEL
fake_urgency,47street,2.0,1.0,0.0,0.0,0.0,source,MODEL
fake_urgency,820 compraron este artículo recientemente.,1.0,0.0,0.0,0.0,0.0,source,MODEL
fake_urgency,Amazon,2.0,0.0,0.0,0.0,0.0,source,MODEL
fake_urgency,Baeldung,1.0,0.0,0.0,0.0,0.0,source,MODEL
fake_urgency,Bicycling.com,1.0,0.0,0.0,0.0,0.0,source,MODEL
fake_urgency,Booklinen,1.0,0.0,0.0,0.0,0.0,source,MODEL
fake_urgency,ClickUp,1.0,0.0,1.0,0.0,1.0,source,MODEL
fake_urgency,CocaCola,1.0,0.0,0.0,0.0,0.0,source,MODEL
fake_urgency,Delish,2.0,0.0,0.5,0.0,0.5,source,MODEL
fake_urgency,Desconocido,53.0,0.16981132075471697,0.20754716981132076,0.5555555555555556,0.13636363636363635,source,MODEL
fake_urgency,Despegar,1.0,0.0,0.0,0.0,0.0,source,MODEL
fake_urgency,Dogsters,1.0,0.0,0.0,0.0,0.0,source,MODEL
fake_urgency,FashionNova,1.0,0.0,0.0,0.0,0.0,source,MODEL
fake_urgency,IA,11.0,0.0,0.6363636363636364,0.0,0.6363636363636364,source,MODEL
fake_urgency,JuanMenorio,1.0,0.0,0.0,0.0,0.0,source,MODEL
fake_urgency,LaNacion,1.0,0.0,0.0,0.0,0.0,source,MODEL
fake_urgency,Logo,1.0,0.0,0.0,0.0,0.0,source,MODEL
fake_urgency,MyMedic,1.0,0.0,0.0,0.0,0.0,source,MODEL
fake_urgency,NeilPatel,2.0,0.0,0.0,0.0,0.0,source,MODEL
fake_urgency,RealTEA,1.0,0.0,0.0,0.0,0.0,source,MODEL
fake_urgency,TreatsPlease,1.0,0.0,0.0,0.0,0.0,source,MODEL
fake_urgency,[https://github.com/aruneshmathur/dark-patterns/blob/master/data/final-dark-patterns/dark-patterns.csv](https://github.com/aruneshmathur/dark-patterns/blob/master/data/final-dark-patterns/dark-patterns.csv),22.0,0.09090909090909091,0.22727272727272727,1.0,0.15,source,MODEL
fake_urgency,africamia_jeans,2.0,0.0,0.0,0.0,0.0,source,MODEL
fake_urgency,alevmayorista,1.0,0.0,0.0,0.0,0.0,source,MODEL
fake_urgency,aliexpress,3.0,1.0,0.0,0.0,0.0,source,MODEL
fake_urgency,amazon,2.0,0.5,0.0,0.0,0.0,source,MODEL
fake_urgency,aprendoseo,3.0,0.0,0.0,0.0,0.0,source,MODEL
fake_urgency,aruneshmathur_dark_patterns,121.0,0.9834710743801653,0.10743801652892562,0.09243697478991597,1.0,source,MODEL
fake_urgency,audible,1.0,1.0,0.0,0.0,0.0,source,MODEL
fake_urgency,banggod,2.0,1.0,0.0,0.0,0.0,source,MODEL
fake_urgency,bbriw_cosmetics,2.0,0.0,0.0,0.0,0.0,source,MODEL
fake_urgency,bevrand,1.0,1.0,0.0,0.0,0.0,source,MODEL
fake_urgency,bidcom,5.0,0.6,0.0,0.0,0.0,source,MODEL
fake_urgency,boca,2.0,0.0,0.0,0.0,0.0,source,MODEL
fake_urgency,booking,4.0,0.25,0.0,0.0,0.0,source,MODEL
fake_urgency,boots,2.0,0.0,0.5,0.0,0.5,source,MODEL
fake_urgency,bozoom,2.0,0.0,0.5,0.0,0.5,source,MODEL
fake_urgency,coderhouse,5.0,0.4,0.0,0.0,0.0,source,MODEL
fake_urgency,communiTEA,1.0,0.0,0.0,0.0,0.0,source,MODEL
fake_urgency,comprasentacna,4.0,0.0,0.0,0.0,0.0,source,MODEL
fake_urgency,creciendo,1.0,0.0,0.0,0.0,0.0,source,MODEL
fake_urgency,crehana,1.0,0.0,0.0,0.0,0.0,source,MODEL
fake_urgency,desconocido,1.0,1.0,0.0,0.0,0.0,source,MODEL
fake_urgency,dexter,1.0,0.0,0.0,0.0,0.0,source,MODEL
fake_urgency,discordiapersa,2.0,0.0,0.0,0.0,0.0,source,MODEL
fake_urgency,domestika,3.0,1.0,0.0,0.0,0.0,source,MODEL
fake_urgency,duolingo,1.0,1.0,0.0,0.0,0.0,source,MODEL
fake_urgency,eBook,3.0,0.0,0.6666666666666666,0.0,0.6666666666666666,source,MODEL
fake_urgency,ebay,1.0,0.0,1.0,0.0,1.0,source,MODEL
fake_urgency,email,1.0,0.0,0.0,0.0,0.0,source,MODEL
fake_urgency,etsy,5.0,0.2,0.0,0.0,0.0,source,MODEL
fake_urgency,falabella,2.0,1.0,0.0,0.0,0.0,source,MODEL
fake_urgency,fravega,1.0,0.0,1.0,0.0,1.0,source,MODEL
fake_urgency,gadnic,4.0,1.0,0.0,0.0,0.0,source,MODEL
fake_urgency,glowetta,2.0,0.0,0.0,0.0,0.0,source,MODEL
fake_urgency,google,1.0,1.0,0.0,0.0,0.0,source,MODEL
fake_urgency,hospedium,1.0,0.0,0.0,0.0,0.0,source,MODEL
fake_urgency,hostinger,1.0,1.0,0.0,0.0,0.0,source,MODEL
fake_urgency,https://github.com/aruneshmathur/dark-patterns/blob/master/data/final-dark-patterns/dark-patterns.csv,243.0,0.0,0.0823045267489712,0.0,0.0823045267489712,source,MODEL
fake_urgency,https://github.com/aruneshmathur/dark-patterns/blob/master/data/final-dark-patterns/dark-patterns.csv](https://github.com/aruneshmathur/dark-patterns/blob/master/data/final-dark-patterns/dark-patterns.csv,1.0,1.0,0.0,0.0,0.0,source,MODEL
fake_urgency,kissmetric,1.0,1.0,0.0,0.0,0.0,source,MODEL
fake_urgency,la_nación,1.0,1.0,0.0,0.0,0.0,source,MODEL
fake_urgency,legacy_club,1.0,1.0,0.0,0.0,0.0,source,MODEL
fake_urgency,light_in_the_box,1.0,1.0,0.0,0.0,0.0,source,MODEL
fake_urgency,loned&carla,2.0,0.0,0.0,0.0,0.0,source,MODEL
fake_urgency,mercado_libre,2.0,0.5,0.0,0.0,0.0,source,MODEL
fake_urgency,niacinamide,1.0,0.0,0.0,0.0,0.0,source,MODEL
fake_urgency,nord_vpn,1.0,1.0,0.0,0.0,0.0,source,MODEL
fake_urgency,pazprofunda,4.0,0.75,0.0,0.0,0.0,source,MODEL
fake_urgency,platzi,2.0,1.0,0.0,0.0,0.0,source,MODEL
fake_urgency,portsaid,1.0,1.0,0.0,0.0,0.0,source,MODEL
fake_urgency,puma,1.0,0.0,0.0,0.0,0.0,source,MODEL
fake_urgency,rappi,1.0,0.0,1.0,0.0,1.0,source,MODEL
fake_urgency,riot,1.0,0.0,0.0,0.0,0.0,source,MODEL
fake_urgency,shein,6.0,1.0,0.0,0.0,0.0,source,MODEL
fake_urgency,source,1.0,0.0,0.0,0.0,0.0,source,MODEL
fake_urgency,spotify,1.0,1.0,1.0,1.0,0.0,source,MODEL
fake_urgency,steam,1.0,0.0,0.0,0.0,0.0,source,MODEL
fake_urgency,stockcenter,1.0,0.0,0.0,0.0,0.0,source,MODEL
fake_urgency,temu,17.0,0.5294117647058824,0.11764705882352941,0.0,0.25,source,MODEL
fake_urgency,tienda_clic,1.0,0.0,0.0,0.0,0.0,source,MODEL
fake_urgency,twitch,1.0,0.0,0.0,0.0,0.0,source,MODEL
fake_urgency,udemy,1.0,1.0,0.0,0.0,0.0,source,MODEL
fake_urgency,wish,6.0,0.16666666666666666,0.8333333333333334,0.0,1.0,source,MODEL
fake_urgency,ynkore,1.0,1.0,0.0,0.0,0.0,source,MODEL
fake_urgency,<=2,52.0,0.38461538461538464,0.28846153846153844,0.35,0.25,len_words_bucket,SYSTEM
fake_urgency,3-4,112.0,0.30357142857142855,0.16964285714285715,0.029411764705882353,0.23076923076923078,len_words_bucket,SYSTEM
fake_urgency,5-7,233.0,0.30042918454935624,0.12017167381974249,0.11428571428571428,0.12269938650306748,len_words_bucket,SYSTEM
fake_urgency,8-12,148.0,0.30405405405405406,0.033783783783783786,0.022222222222222223,0.038834951456310676,len_words_bucket,SYSTEM
fake_urgency,13+,60.0,0.38333333333333336,0.05,0.08695652173913043,0.02702702702702703,len_words_bucket,SYSTEM
fake_urgency,DATE,2.0,0.5,0.5,0.0,1.0,ph_profile,SYSTEM
fake_urgency,MONEY,1.0,0.0,0.0,0.0,0.0,ph_profile,SYSTEM
fake_urgency,NUM,120.0,0.30833333333333335,0.225,0.13513513513513514,0.26506024096385544,ph_profile,SYSTEM
fake_urgency,PEOPLE,81.0,0.0,0.0,0.0,0.0,ph_profile,SYSTEM
fake_urgency,PEOPLE+NUM,9.0,0.0,0.1111111111111111,0.0,0.1111111111111111,ph_profile,SYSTEM
fake_urgency,SCARCITY,9.0,0.0,0.0,0.0,0.0,ph_profile,SYSTEM
fake_urgency,SCARCITY+NUM,4.0,0.0,0.0,0.0,0.0,ph_profile,SYSTEM
fake_urgency,SCARCITY+PEOPLE,5.0,0.0,0.0,0.0,0.0,ph_profile,SYSTEM
fake_urgency,SCARCITY+SOCIAL_COUNT,10.0,0.0,0.0,0.0,0.0,ph_profile,SYSTEM
fake_urgency,SOCIAL_COUNT,11.0,0.0,0.2727272727272727,0.0,0.2727272727272727,ph_profile,SYSTEM
fake_urgency,SOCIAL_COUNT+NUM,2.0,0.0,0.0,0.0,0.0,ph_profile,SYSTEM
fake_urgency,STOCK,17.0,0.0,0.0,0.0,0.0,ph_profile,SYSTEM
fake_urgency,STOCK+NUM,1.0,1.0,0.0,0.0,0.0,ph_profile,SYSTEM
fake_urgency,TIMER,82.0,0.9146341463414634,0.08536585365853659,0.0,1.0,ph_profile,SYSTEM
fake_urgency,TIMER+DATE,1.0,1.0,0.0,0.0,0.0,ph_profile,SYSTEM
fake_urgency,TIMER+MONEY,2.0,1.0,0.0,0.0,0.0,ph_profile,SYSTEM
fake_urgency,TIMER+NUM,34.0,0.9411764705882353,0.058823529411764705,0.0,1.0,ph_profile,SYSTEM
fake_urgency,TIMER+PEOPLE,1.0,0.0,0.0,0.0,0.0,ph_profile,SYSTEM
fake_urgency,TIMER+SOCIAL_COUNT,2.0,0.0,1.0,0.0,1.0,ph_profile,SYSTEM
fake_urgency,none,211.0,0.2037914691943128,0.12796208530805686,0.32558139534883723,0.07738095238095238,ph_profile,SYSTEM
fake_urgency,47street,2.0,1.0,0.0,0.0,0.0,source,SYSTEM
fake_urgency,820 compraron este artículo recientemente.,1.0,0.0,0.0,0.0,0.0,source,SYSTEM
fake_urgency,Amazon,2.0,0.0,0.0,0.0,0.0,source,SYSTEM
fake_urgency,Baeldung,1.0,0.0,0.0,0.0,0.0,source,SYSTEM
fake_urgency,Bicycling.com,1.0,0.0,0.0,0.0,0.0,source,SYSTEM
fake_urgency,Booklinen,1.0,0.0,0.0,0.0,0.0,source,SYSTEM
fake_urgency,ClickUp,1.0,0.0,1.0,0.0,1.0,source,SYSTEM
fake_urgency,CocaCola,1.0,0.0,0.0,0.0,0.0,source,SYSTEM
fake_urgency,Delish,2.0,0.0,0.5,0.0,0.5,source,SYSTEM
fake_urgency,Desconocido,53.0,0.16981132075471697,0.20754716981132076,0.5555555555555556,0.13636363636363635,source,SYSTEM
fake_urgency,Despegar,1.0,0.0,0.0,0.0,0.0,source,SYSTEM
fake_urgency,Dogsters,1.0,0.0,0.0,0.0,0.0,source,SYSTEM
fake_urgency,FashionNova,1.0,0.0,0.0,0.0,0.0,source,SYSTEM
fake_urgency,IA,11.0,0.0,0.36363636363636365,0.0,0.36363636363636365,source,SYSTEM
fake_urgency,JuanMenorio,1.0,0.0,0.0,0.0,0.0,source,SYSTEM
fake_urgency,LaNacion,1.0,0.0,0.0,0.0,0.0,source,SYSTEM
fake_urgency,Logo,1.0,0.0,0.0,0.0,0.0,source,SYSTEM
fake_urgency,MyMedic,1.0,0.0,0.0,0.0,0.0,source,SYSTEM
fake_urgency,NeilPatel,2.0,0.0,0.0,0.0,0.0,source,SYSTEM
fake_urgency,RealTEA,1.0,0.0,0.0,0.0,0.0,source,SYSTEM
fake_urgency,TreatsPlease,1.0,0.0,0.0,0.0,0.0,source,SYSTEM
fake_urgency,[https://github.com/aruneshmathur/dark-patterns/blob/master/data/final-dark-patterns/dark-patterns.csv](https://github.com/aruneshmathur/dark-patterns/blob/master/data/final-dark-patterns/dark-patterns.csv),22.0,0.09090909090909091,0.22727272727272727,1.0,0.15,source,SYSTEM
fake_urgency,africamia_jeans,2.0,0.0,0.0,0.0,0.0,source,SYSTEM
fake_urgency,alevmayorista,1.0,0.0,0.0,0.0,0.0,source,SYSTEM
fake_urgency,aliexpress,3.0,1.0,0.0,0.0,0.0,source,SYSTEM
fake_urgency,amazon,2.0,0.5,0.0,0.0,0.0,source,SYSTEM
fake_urgency,aprendoseo,3.0,0.0,0.0,0.0,0.0,source,SYSTEM
fake_urgency,aruneshmathur_dark_patterns,121.0,0.9834710743801653,0.10743801652892562,0.09243697478991597,1.0,source,SYSTEM
fake_urgency,audible,1.0,1.0,0.0,0.0,0.0,source,SYSTEM
fake_urgency,banggod,2.0,1.0,0.0,0.0,0.0,source,SYSTEM
fake_urgency,bbriw_cosmetics,2.0,0.0,0.0,0.0,0.0,source,SYSTEM
fake_urgency,bevrand,1.0,1.0,0.0,0.0,0.0,source,SYSTEM
fake_urgency,bidcom,5.0,0.6,0.0,0.0,0.0,source,SYSTEM
fake_urgency,boca,2.0,0.0,0.0,0.0,0.0,source,SYSTEM
fake_urgency,booking,4.0,0.25,0.0,0.0,0.0,source,SYSTEM
fake_urgency,boots,2.0,0.0,0.5,0.0,0.5,source,SYSTEM
fake_urgency,bozoom,2.0,0.0,0.5,0.0,0.5,source,SYSTEM
fake_urgency,coderhouse,5.0,0.4,0.0,0.0,0.0,source,SYSTEM
fake_urgency,communiTEA,1.0,0.0,0.0,0.0,0.0,source,SYSTEM
fake_urgency,comprasentacna,4.0,0.0,0.0,0.0,0.0,source,SYSTEM
fake_urgency,creciendo,1.0,0.0,0.0,0.0,0.0,source,SYSTEM
fake_urgency,crehana,1.0,0.0,0.0,0.0,0.0,source,SYSTEM
fake_urgency,desconocido,1.0,1.0,0.0,0.0,0.0,source,SYSTEM
fake_urgency,dexter,1.0,0.0,0.0,0.0,0.0,source,SYSTEM
fake_urgency,discordiapersa,2.0,0.0,0.0,0.0,0.0,source,SYSTEM
fake_urgency,domestika,3.0,1.0,0.0,0.0,0.0,source,SYSTEM
fake_urgency,duolingo,1.0,1.0,0.0,0.0,0.0,source,SYSTEM
fake_urgency,eBook,3.0,0.0,0.6666666666666666,0.0,0.6666666666666666,source,SYSTEM
fake_urgency,ebay,1.0,0.0,1.0,0.0,1.0,source,SYSTEM
fake_urgency,email,1.0,0.0,0.0,0.0,0.0,source,SYSTEM
fake_urgency,etsy,5.0,0.2,0.0,0.0,0.0,source,SYSTEM
fake_urgency,falabella,2.0,1.0,0.0,0.0,0.0,source,SYSTEM
fake_urgency,fravega,1.0,0.0,1.0,0.0,1.0,source,SYSTEM
fake_urgency,gadnic,4.0,1.0,0.0,0.0,0.0,source,SYSTEM
fake_urgency,glowetta,2.0,0.0,0.0,0.0,0.0,source,SYSTEM
fake_urgency,google,1.0,1.0,0.0,0.0,0.0,source,SYSTEM
fake_urgency,hospedium,1.0,0.0,0.0,0.0,0.0,source,SYSTEM
fake_urgency,hostinger,1.0,1.0,0.0,0.0,0.0,source,SYSTEM
fake_urgency,https://github.com/aruneshmathur/dark-patterns/blob/master/data/final-dark-patterns/dark-patterns.csv,243.0,0.0,0.0823045267489712,0.0,0.0823045267489712,source,SYSTEM
fake_urgency,https://github.com/aruneshmathur/dark-patterns/blob/master/data/final-dark-patterns/dark-patterns.csv](https://github.com/aruneshmathur/dark-patterns/blob/master/data/final-dark-patterns/dark-patterns.csv,1.0,1.0,0.0,0.0,0.0,source,SYSTEM
fake_urgency,kissmetric,1.0,1.0,0.0,0.0,0.0,source,SYSTEM
fake_urgency,la_nación,1.0,1.0,0.0,0.0,0.0,source,SYSTEM
fake_urgency,legacy_club,1.0,1.0,0.0,0.0,0.0,source,SYSTEM
fake_urgency,light_in_the_box,1.0,1.0,0.0,0.0,0.0,source,SYSTEM
fake_urgency,loned&carla,2.0,0.0,0.0,0.0,0.0,source,SYSTEM
fake_urgency,mercado_libre,2.0,0.5,0.0,0.0,0.0,source,SYSTEM
fake_urgency,niacinamide,1.0,0.0,0.0,0.0,0.0,source,SYSTEM
fake_urgency,nord_vpn,1.0,1.0,0.0,0.0,0.0,source,SYSTEM
fake_urgency,pazprofunda,4.0,0.75,0.0,0.0,0.0,source,SYSTEM
fake_urgency,platzi,2.0,1.0,0.0,0.0,0.0,source,SYSTEM
fake_urgency,portsaid,1.0,1.0,0.0,0.0,0.0,source,SYSTEM
fake_urgency,puma,1.0,0.0,0.0,0.0,0.0,source,SYSTEM
fake_urgency,rappi,1.0,0.0,1.0,0.0,1.0,source,SYSTEM
fake_urgency,riot,1.0,0.0,0.0,0.0,0.0,source,SYSTEM
fake_urgency,shein,6.0,1.0,0.0,0.0,0.0,source,SYSTEM
fake_urgency,source,1.0,0.0,0.0,0.0,0.0,source,SYSTEM
fake_urgency,spotify,1.0,1.0,1.0,1.0,0.0,source,SYSTEM
fake_urgency,steam,1.0,0.0,0.0,0.0,0.0,source,SYSTEM
fake_urgency,stockcenter,1.0,0.0,0.0,0.0,0.0,source,SYSTEM
fake_urgency,temu,17.0,0.5294117647058824,0.11764705882352941,0.0,0.25,source,SYSTEM
fake_urgency,tienda_clic,1.0,0.0,0.0,0.0,0.0,source,SYSTEM
fake_urgency,twitch,1.0,0.0,0.0,0.0,0.0,source,SYSTEM
fake_urgency,udemy,1.0,1.0,0.0,0.0,0.0,source,SYSTEM
fake_urgency,wish,6.0,0.16666666666666666,0.8333333333333334,0.0,1.0,source,SYSTEM
fake_urgency,ynkore,1.0,1.0,0.0,0.0,0.0,source,SYSTEM
fake_scarcity,<=2,52.0,0.2692307692307692,0.09615384615384616,0.35714285714285715,0.0,len_words_bucket,MODEL
fake_scarcity,3-4,112.0,0.13392857142857142,0.044642857142857144,0.3333333333333333,0.0,len_words_bucket,MODEL
fake_scarcity,5-7,233.0,0.060085836909871244,0.02145922746781116,0.35714285714285715,0.0,len_words_bucket,MODEL
fake_scarcity,8-12,148.0,0.18243243243243243,0.11486486486486487,0.5925925925925926,0.008264462809917356,len_words_bucket,MODEL
fake_scarcity,13+,60.0,0.11666666666666667,0.1,0.8571428571428571,0.0,len_words_bucket,MODEL
fake_scarcity,DATE,2.0,0.0,0.0,0.0,0.0,ph_profile,MODEL
fake_scarcity,MONEY,1.0,0.0,0.0,0.0,0.0,ph_profile,MODEL
fake_scarcity,NUM,120.0,0.075,0.05,0.6666666666666666,0.0,ph_profile,MODEL
fake_scarcity,PEOPLE,81.0,0.07407407407407407,0.07407407407407407,1.0,0.0,ph_profile,MODEL
fake_scarcity,PEOPLE+NUM,9.0,0.0,0.0,0.0,0.0,ph_profile,MODEL
fake_scarcity,SCARCITY,9.0,1.0,0.3333333333333333,0.3333333333333333,0.0,ph_profile,MODEL
fake_scarcity,SCARCITY+NUM,4.0,0.25,0.0,0.0,0.0,ph_profile,MODEL
fake_scarcity,SCARCITY+PEOPLE,5.0,0.0,0.0,0.0,0.0,ph_profile,MODEL
fake_scarcity,SCARCITY+SOCIAL_COUNT,10.0,0.0,0.0,0.0,0.0,ph_profile,MODEL
fake_scarcity,SOCIAL_COUNT,11.0,0.09090909090909091,0.09090909090909091,1.0,0.0,ph_profile,MODEL
fake_scarcity,SOCIAL_COUNT+NUM,2.0,0.0,0.0,0.0,0.0,ph_profile,MODEL
fake_scarcity,STOCK,17.0,1.0,0.0,0.0,0.0,ph_profile,MODEL
fake_scarcity,STOCK+NUM,1.0,0.0,1.0,0.0,1.0,ph_profile,MODEL
fake_scarcity,TIMER,82.0,0.036585365853658534,0.024390243902439025,0.6666666666666666,0.0,ph_profile,MODEL
fake_scarcity,TIMER+DATE,1.0,1.0,0.0,0.0,0.0,ph_profile,MODEL
fake_scarcity,TIMER+MONEY,2.0,0.0,0.0,0.0,0.0,ph_profile,MODEL
fake_scarcity,TIMER+NUM,34.0,0.0,0.0,0.0,0.0,ph_profile,MODEL
fake_scarcity,TIMER+PEOPLE,1.0,0.0,0.0,0.0,0.0,ph_profile,MODEL
fake_scarcity,TIMER+SOCIAL_COUNT,2.0,0.5,0.5,1.0,0.0,ph_profile,MODEL
fake_scarcity,none,211.0,0.13744075829383887,0.08530805687203792,0.6206896551724138,0.0,ph_profile,MODEL
fake_scarcity,47street,2.0,0.0,0.0,0.0,0.0,source,MODEL
fake_scarcity,820 compraron este artículo recientemente.,1.0,0.0,0.0,0.0,0.0,source,MODEL
fake_scarcity,Amazon,2.0,0.0,0.0,0.0,0.0,source,MODEL
fake_scarcity,Baeldung,1.0,0.0,0.0,0.0,0.0,source,MODEL
fake_scarcity,Bicycling.com,1.0,0.0,0.0,0.0,0.0,source,MODEL
fake_scarcity,Booklinen,1.0,0.0,0.0,0.0,0.0,source,MODEL
fake_scarcity,ClickUp,1.0,0.0,0.0,0.0,0.0,source,MODEL
fake_scarcity,CocaCola,1.0,0.0,0.0,0.0,0.0,source,MODEL
fake_scarcity,Delish,2.0,0.0,0.0,0.0,0.0,source,MODEL
fake_scarcity,Desconocido,53.0,0.0,0.0,0.0,0.0,source,MODEL
fake_scarcity,Despegar,1.0,0.0,0.0,0.0,0.0,source,MODEL
fake_scarcity,Dogsters,1.0,0.0,0.0,0.0,0.0,source,MODEL
fake_scarcity,FashionNova,1.0,0.0,0.0,0.0,0.0,source,MODEL
fake_scarcity,IA,11.0,0.09090909090909091,0.0,0.0,0.0,source,MODEL
fake_scarcity,JuanMenorio,1.0,0.0,0.0,0.0,0.0,source,MODEL
fake_scarcity,LaNacion,1.0,0.0,0.0,0.0,0.0,source,MODEL
fake_scarcity,Logo,1.0,0.0,0.0,0.0,0.0,source,MODEL
fake_scarcity,MyMedic,1.0,0.0,0.0,0.0,0.0,source,MODEL
fake_scarcity,NeilPatel,2.0,0.0,0.0,0.0,0.0,source,MODEL
fake_scarcity,RealTEA,1.0,0.0,0.0,0.0,0.0,source,MODEL
fake_scarcity,TreatsPlease,1.0,0.0,0.0,0.0,0.0,source,MODEL
fake_scarcity,[https://github.com/aruneshmathur/dark-patterns/blob/master/data/final-dark-patterns/dark-patterns.csv](https://github.com/aruneshmathur/dark-patterns/blob/master/data/final-dark-patterns/dark-patterns.csv),22.0,1.0,0.7727272727272727,0.7727272727272727,0.0,source,MODEL
fake_scarcity,africamia_jeans,2.0,1.0,0.0,0.0,0.0,source,MODEL
fake_scarcity,alevmayorista,1.0,0.0,0.0,0.0,0.0,source,MODEL
fake_scarcity,aliexpress,3.0,0.0,0.0,0.0,0.0,source,MODEL
fake_scarcity,amazon,2.0,0.5,0.0,0.0,0.0,source,MODEL
fake_scarcity,aprendoseo,3.0,0.0,0.0,0.0,0.0,source,MODEL
fake_scarcity,aruneshmathur_dark_patterns,121.0,0.0,0.0,0.0,0.0,source,MODEL
fake_scarcity,audible,1.0,0.0,0.0,0.0,0.0,source,MODEL
fake_scarcity,banggod,2.0,0.0,0.0,0.0,0.0,source,MODEL
fake_scarcity,bbriw_cosmetics,2.0,0.0,0.0,0.0,0.0,source,MODEL
fake_scarcity,bevrand,1.0,0.0,0.0,0.0,0.0,source,MODEL
fake_scarcity,bidcom,5.0,0.4,0.0,0.0,0.0,source,MODEL
fake_scarcity,boca,2.0,1.0,0.0,0.0,0.0,source,MODEL
fake_scarcity,booking,4.0,0.75,0.0,0.0,0.0,source,MODEL
fake_scarcity,boots,2.0,0.0,0.0,0.0,0.0,source,MODEL
fake_scarcity,bozoom,2.0,0.5,0.0,0.0,0.0,source,MODEL
fake_scarcity,coderhouse,5.0,0.6,0.0,0.0,0.0,source,MODEL
fake_scarcity,communiTEA,1.0,0.0,0.0,0.0,0.0,source,MODEL
fake_scarcity,comprasentacna,4.0,0.0,0.0,0.0,0.0,source,MODEL
fake_scarcity,creciendo,1.0,1.0,0.0,0.0,0.0,source,MODEL
fake_scarcity,crehana,1.0,0.0,0.0,0.0,0.0,source,MODEL
fake_scarcity,desconocido,1.0,0.0,0.0,0.0,0.0,source,MODEL
fake_scarcity,dexter,1.0,1.0,0.0,0.0,0.0,source,MODEL
fake_scarcity,discordiapersa,2.0,1.0,0.0,0.0,0.0,source,MODEL
fake_scarcity,domestika,3.0,0.0,0.0,0.0,0.0,source,MODEL
fake_scarcity,duolingo,1.0,0.0,0.0,0.0,0.0,source,MODEL
fake_scarcity,eBook,3.0,0.0,0.0,0.0,0.0,source,MODEL
fake_scarcity,ebay,1.0,1.0,1.0,1.0,0.0,source,MODEL
fake_scarcity,email,1.0,0.0,0.0,0.0,0.0,source,MODEL
fake_scarcity,etsy,5.0,0.4,0.2,0.5,0.0,source,MODEL
fake_scarcity,falabella,2.0,0.0,0.0,0.0,0.0,source,MODEL
fake_scarcity,fravega,1.0,0.0,0.0,0.0,0.0,source,MODEL
fake_scarcity,gadnic,4.0,0.25,0.25,1.0,0.0,source,MODEL
fake_scarcity,glowetta,2.0,0.5,0.5,1.0,0.0,source,MODEL
fake_scarcity,google,1.0,0.0,0.0,0.0,0.0,source,MODEL
fake_scarcity,hospedium,1.0,1.0,0.0,0.0,0.0,source,MODEL
fake_scarcity,hostinger,1.0,0.0,0.0,0.0,0.0,source,MODEL
fake_scarcity,https://github.com/aruneshmathur/dark-patterns/blob/master/data/final-dark-patterns/dark-patterns.csv,243.0,0.053497942386831275,0.0411522633744856,0.7692307692307693,0.0,source,MODEL
fake_scarcity,https://github.com/aruneshmathur/dark-patterns/blob/master/data/final-dark-patterns/dark-patterns.csv](https://github.com/aruneshmathur/dark-patterns/blob/master/data/final-dark-patterns/dark-patterns.csv,1.0,1.0,1.0,1.0,0.0,source,MODEL
fake_scarcity,kissmetric,1.0,1.0,0.0,0.0,0.0,source,MODEL
fake_scarcity,la_nación,1.0,0.0,0.0,0.0,0.0,source,MODEL
fake_scarcity,legacy_club,1.0,0.0,0.0,0.0,0.0,source,MODEL
fake_scarcity,light_in_the_box,1.0,0.0,0.0,0.0,0.0,source,MODEL
fake_scarcity,loned&carla,2.0,1.0,0.0,0.0,0.0,source,MODEL
fake_scarcity,mercado_libre,2.0,1.0,0.0,0.0,0.0,source,MODEL
fake_scarcity,niacinamide,1.0,0.0,0.0,0.0,0.0,source,MODEL
fake_scarcity,nord_vpn,1.0,0.0,0.0,0.0,0.0,source,MODEL
fake_scarcity,pazprofunda,4.0,0.5,0.25,0.5,0.0,source,MODEL
fake_scarcity,platzi,2.0,0.0,0.0,0.0,0.0,source,MODEL
fake_scarcity,portsaid,1.0,0.0,0.0,0.0,0.0,source,MODEL
fake_scarcity,puma,1.0,1.0,0.0,0.0,0.0,source,MODEL
fake_scarcity,rappi,1.0,0.0,0.0,0.0,0.0,source,MODEL
fake_scarcity,riot,1.0,0.0,0.0,0.0,0.0,source,MODEL
fake_scarcity,shein,6.0,0.0,0.0,0.0,0.0,source,MODEL
fake_scarcity,source,1.0,0.0,0.0,0.0,0.0,source,MODEL
fake_scarcity,spotify,1.0,0.0,0.0,0.0,0.0,source,MODEL
fake_scarcity,steam,1.0,0.0,0.0,0.0,0.0,source,MODEL
fake_scarcity,stockcenter,1.0,1.0,0.0,0.0,0.0,source,MODEL
fake_scarcity,temu,17.0,0.29411764705882354,0.17647058823529413,0.4,0.08333333333333333,source,MODEL
fake_scarcity,tienda_clic,1.0,1.0,1.0,1.0,0.0,source,MODEL
fake_scarcity,twitch,1.0,0.0,0.0,0.0,0.0,source,MODEL
fake_scarcity,udemy,1.0,0.0,0.0,0.0,0.0,source,MODEL
fake_scarcity,wish,6.0,0.16666666666666666,0.16666666666666666,1.0,0.0,source,MODEL
fake_scarcity,ynkore,1.0,0.0,0.0,0.0,0.0,source,MODEL
fake_scarcity,<=2,52.0,0.2692307692307692,0.09615384615384616,0.35714285714285715,0.0,len_words_bucket,SYSTEM
fake_scarcity,3-4,112.0,0.13392857142857142,0.044642857142857144,0.3333333333333333,0.0,len_words_bucket,SYSTEM
fake_scarcity,5-7,233.0,0.060085836909871244,0.02145922746781116,0.35714285714285715,0.0,len_words_bucket,SYSTEM
fake_scarcity,8-12,148.0,0.18243243243243243,0.11486486486486487,0.5925925925925926,0.008264462809917356,len_words_bucket,SYSTEM
fake_scarcity,13+,60.0,0.11666666666666667,0.1,0.8571428571428571,0.0,len_words_bucket,SYSTEM
fake_scarcity,DATE,2.0,0.0,0.0,0.0,0.0,ph_profile,SYSTEM
fake_scarcity,MONEY,1.0,0.0,0.0,0.0,0.0,ph_profile,SYSTEM
fake_scarcity,NUM,120.0,0.075,0.05,0.6666666666666666,0.0,ph_profile,SYSTEM
fake_scarcity,PEOPLE,81.0,0.07407407407407407,0.07407407407407407,1.0,0.0,ph_profile,SYSTEM
fake_scarcity,PEOPLE+NUM,9.0,0.0,0.0,0.0,0.0,ph_profile,SYSTEM
fake_scarcity,SCARCITY,9.0,1.0,0.3333333333333333,0.3333333333333333,0.0,ph_profile,SYSTEM
fake_scarcity,SCARCITY+NUM,4.0,0.25,0.0,0.0,0.0,ph_profile,SYSTEM
fake_scarcity,SCARCITY+PEOPLE,5.0,0.0,0.0,0.0,0.0,ph_profile,SYSTEM
fake_scarcity,SCARCITY+SOCIAL_COUNT,10.0,0.0,0.0,0.0,0.0,ph_profile,SYSTEM
fake_scarcity,SOCIAL_COUNT,11.0,0.09090909090909091,0.09090909090909091,1.0,0.0,ph_profile,SYSTEM
fake_scarcity,SOCIAL_COUNT+NUM,2.0,0.0,0.0,0.0,0.0,ph_profile,SYSTEM
fake_scarcity,STOCK,17.0,1.0,0.0,0.0,0.0,ph_profile,SYSTEM
fake_scarcity,STOCK+NUM,1.0,0.0,1.0,0.0,1.0,ph_profile,SYSTEM
fake_scarcity,TIMER,82.0,0.036585365853658534,0.024390243902439025,0.6666666666666666,0.0,ph_profile,SYSTEM
fake_scarcity,TIMER+DATE,1.0,1.0,0.0,0.0,0.0,ph_profile,SYSTEM
fake_scarcity,TIMER+MONEY,2.0,0.0,0.0,0.0,0.0,ph_profile,SYSTEM
fake_scarcity,TIMER+NUM,34.0,0.0,0.0,0.0,0.0,ph_profile,SYSTEM
fake_scarcity,TIMER+PEOPLE,1.0,0.0,0.0,0.0,0.0,ph_profile,SYSTEM
fake_scarcity,TIMER+SOCIAL_COUNT,2.0,0.5,0.5,1.0,0.0,ph_profile,SYSTEM
fake_scarcity,none,211.0,0.13744075829383887,0.08530805687203792,0.6206896551724138,0.0,ph_profile,SYSTEM
fake_scarcity,47street,2.0,0.0,0.0,0.0,0.0,source,SYSTEM
fake_scarcity,820 compraron este artículo recientemente.,1.0,0.0,0.0,0.0,0.0,source,SYSTEM
fake_scarcity,Amazon,2.0,0.0,0.0,0.0,0.0,source,SYSTEM
fake_scarcity,Baeldung,1.0,0.0,0.0,0.0,0.0,source,SYSTEM
fake_scarcity,Bicycling.com,1.0,0.0,0.0,0.0,0.0,source,SYSTEM
fake_scarcity,Booklinen,1.0,0.0,0.0,0.0,0.0,source,SYSTEM
fake_scarcity,ClickUp,1.0,0.0,0.0,0.0,0.0,source,SYSTEM
fake_scarcity,CocaCola,1.0,0.0,0.0,0.0,0.0,source,SYSTEM
fake_scarcity,Delish,2.0,0.0,0.0,0.0,0.0,source,SYSTEM
fake_scarcity,Desconocido,53.0,0.0,0.0,0.0,0.0,source,SYSTEM
fake_scarcity,Despegar,1.0,0.0,0.0,0.0,0.0,source,SYSTEM
fake_scarcity,Dogsters,1.0,0.0,0.0,0.0,0.0,source,SYSTEM
fake_scarcity,FashionNova,1.0,0.0,0.0,0.0,0.0,source,SYSTEM
fake_scarcity,IA,11.0,0.09090909090909091,0.0,0.0,0.0,source,SYSTEM
fake_scarcity,JuanMenorio,1.0,0.0,0.0,0.0,0.0,source,SYSTEM
fake_scarcity,LaNacion,1.0,0.0,0.0,0.0,0.0,source,SYSTEM
fake_scarcity,Logo,1.0,0.0,0.0,0.0,0.0,source,SYSTEM
fake_scarcity,MyMedic,1.0,0.0,0.0,0.0,0.0,source,SYSTEM
fake_scarcity,NeilPatel,2.0,0.0,0.0,0.0,0.0,source,SYSTEM
fake_scarcity,RealTEA,1.0,0.0,0.0,0.0,0.0,source,SYSTEM
fake_scarcity,TreatsPlease,1.0,0.0,0.0,0.0,0.0,source,SYSTEM
fake_scarcity,[https://github.com/aruneshmathur/dark-patterns/blob/master/data/final-dark-patterns/dark-patterns.csv](https://github.com/aruneshmathur/dark-patterns/blob/master/data/final-dark-patterns/dark-patterns.csv),22.0,1.0,0.7727272727272727,0.7727272727272727,0.0,source,SYSTEM
fake_scarcity,africamia_jeans,2.0,1.0,0.0,0.0,0.0,source,SYSTEM
fake_scarcity,alevmayorista,1.0,0.0,0.0,0.0,0.0,source,SYSTEM
fake_scarcity,aliexpress,3.0,0.0,0.0,0.0,0.0,source,SYSTEM
fake_scarcity,amazon,2.0,0.5,0.0,0.0,0.0,source,SYSTEM
fake_scarcity,aprendoseo,3.0,0.0,0.0,0.0,0.0,source,SYSTEM
fake_scarcity,aruneshmathur_dark_patterns,121.0,0.0,0.0,0.0,0.0,source,SYSTEM
fake_scarcity,audible,1.0,0.0,0.0,0.0,0.0,source,SYSTEM
fake_scarcity,banggod,2.0,0.0,0.0,0.0,0.0,source,SYSTEM
fake_scarcity,bbriw_cosmetics,2.0,0.0,0.0,0.0,0.0,source,SYSTEM
fake_scarcity,bevrand,1.0,0.0,0.0,0.0,0.0,source,SYSTEM
fake_scarcity,bidcom,5.0,0.4,0.0,0.0,0.0,source,SYSTEM
fake_scarcity,boca,2.0,1.0,0.0,0.0,0.0,source,SYSTEM
fake_scarcity,booking,4.0,0.75,0.0,0.0,0.0,source,SYSTEM
fake_scarcity,boots,2.0,0.0,0.0,0.0,0.0,source,SYSTEM
fake_scarcity,bozoom,2.0,0.5,0.0,0.0,0.0,source,SYSTEM
fake_scarcity,coderhouse,5.0,0.6,0.0,0.0,0.0,source,SYSTEM
fake_scarcity,communiTEA,1.0,0.0,0.0,0.0,0.0,source,SYSTEM
fake_scarcity,comprasentacna,4.0,0.0,0.0,0.0,0.0,source,SYSTEM
fake_scarcity,creciendo,1.0,1.0,0.0,0.0,0.0,source,SYSTEM
fake_scarcity,crehana,1.0,0.0,0.0,0.0,0.0,source,SYSTEM
fake_scarcity,desconocido,1.0,0.0,0.0,0.0,0.0,source,SYSTEM
fake_scarcity,dexter,1.0,1.0,0.0,0.0,0.0,source,SYSTEM
fake_scarcity,discordiapersa,2.0,1.0,0.0,0.0,0.0,source,SYSTEM
fake_scarcity,domestika,3.0,0.0,0.0,0.0,0.0,source,SYSTEM
fake_scarcity,duolingo,1.0,0.0,0.0,0.0,0.0,source,SYSTEM
fake_scarcity,eBook,3.0,0.0,0.0,0.0,0.0,source,SYSTEM
fake_scarcity,ebay,1.0,1.0,1.0,1.0,0.0,source,SYSTEM
fake_scarcity,email,1.0,0.0,0.0,0.0,0.0,source,SYSTEM
fake_scarcity,etsy,5.0,0.4,0.2,0.5,0.0,source,SYSTEM
fake_scarcity,falabella,2.0,0.0,0.0,0.0,0.0,source,SYSTEM
fake_scarcity,fravega,1.0,0.0,0.0,0.0,0.0,source,SYSTEM
fake_scarcity,gadnic,4.0,0.25,0.25,1.0,0.0,source,SYSTEM
fake_scarcity,glowetta,2.0,0.5,0.5,1.0,0.0,source,SYSTEM
fake_scarcity,google,1.0,0.0,0.0,0.0,0.0,source,SYSTEM
fake_scarcity,hospedium,1.0,1.0,0.0,0.0,0.0,source,SYSTEM
fake_scarcity,hostinger,1.0,0.0,0.0,0.0,0.0,source,SYSTEM
fake_scarcity,https://github.com/aruneshmathur/dark-patterns/blob/master/data/final-dark-patterns/dark-patterns.csv,243.0,0.053497942386831275,0.0411522633744856,0.7692307692307693,0.0,source,SYSTEM
fake_scarcity,https://github.com/aruneshmathur/dark-patterns/blob/master/data/final-dark-patterns/dark-patterns.csv](https://github.com/aruneshmathur/dark-patterns/blob/master/data/final-dark-patterns/dark-patterns.csv,1.0,1.0,1.0,1.0,0.0,source,SYSTEM
fake_scarcity,kissmetric,1.0,1.0,0.0,0.0,0.0,source,SYSTEM
fake_scarcity,la_nación,1.0,0.0,0.0,0.0,0.0,source,SYSTEM
fake_scarcity,legacy_club,1.0,0.0,0.0,0.0,0.0,source,SYSTEM
fake_scarcity,light_in_the_box,1.0,0.0,0.0,0.0,0.0,source,SYSTEM
fake_scarcity,loned&carla,2.0,1.0,0.0,0.0,0.0,source,SYSTEM
fake_scarcity,mercado_libre,2.0,1.0,0.0,0.0,0.0,source,SYSTEM
fake_scarcity,niacinamide,1.0,0.0,0.0,0.0,0.0,source,SYSTEM
fake_scarcity,nord_vpn,1.0,0.0,0.0,0.0,0.0,source,SYSTEM
fake_scarcity,pazprofunda,4.0,0.5,0.25,0.5,0.0,source,SYSTEM
fake_scarcity,platzi,2.0,0.0,0.0,0.0,0.0,source,SYSTEM
fake_scarcity,portsaid,1.0,0.0,0.0,0.0,0.0,source,SYSTEM
fake_scarcity,puma,1.0,1.0,0.0,0.0,0.0,source,SYSTEM
fake_scarcity,rappi,1.0,0.0,0.0,0.0,0.0,source,SYSTEM
fake_scarcity,riot,1.0,0.0,0.0,0.0,0.0,source,SYSTEM
fake_scarcity,shein,6.0,0.0,0.0,0.0,0.0,source,SYSTEM
fake_scarcity,source,1.0,0.0,0.0,0.0,0.0,source,SYSTEM
fake_scarcity,spotify,1.0,0.0,0.0,0.0,0.0,source,SYSTEM
fake_scarcity,steam,1.0,0.0,0.0,0.0,0.0,source,SYSTEM
fake_scarcity,stockcenter,1.0,1.0,0.0,0.0,0.0,source,SYSTEM
fake_scarcity,temu,17.0,0.29411764705882354,0.17647058823529413,0.4,0.08333333333333333,source,SYSTEM
fake_scarcity,tienda_clic,1.0,1.0,1.0,1.0,0.0,source,SYSTEM
fake_scarcity,twitch,1.0,0.0,0.0,0.0,0.0,source,SYSTEM
fake_scarcity,udemy,1.0,0.0,0.0,0.0,0.0,source,SYSTEM
fake_scarcity,wish,6.0,0.16666666666666666,0.16666666666666666,1.0,0.0,source,SYSTEM
fake_scarcity,ynkore,1.0,0.0,0.0,0.0,0.0,source,SYSTEM
shaming,<=2,52.0,0.0,0.019230769230769232,0.0,0.019230769230769232,len_words_bucket,MODEL
shaming,3-4,112.0,0.11607142857142858,0.125,0.38461538461538464,0.09090909090909091,len_words_bucket,MODEL
shaming,5-7,233.0,0.15879828326180256,0.004291845493562232,0.0,0.00510204081632653,len_words_bucket,MODEL
shaming,8-12,148.0,0.14189189189189189,0.006756756756756757,0.0,0.007874015748031496,len_words_bucket,MODEL
shaming,13+,60.0,0.016666666666666666,0.0,0.0,0.0,len_words_bucket,MODEL
shaming,DATE,2.0,0.0,0.0,0.0,0.0,ph_profile,MODEL
shaming,MONEY,1.0,0.0,0.0,0.0,0.0,ph_profile,MODEL
shaming,NUM,120.0,0.016666666666666666,0.0,0.0,0.0,ph_profile,MODEL
shaming,PEOPLE,81.0,0.0,0.0,0.0,0.0,ph_profile,MODEL
shaming,PEOPLE+NUM,9.0,0.0,0.0,0.0,0.0,ph_profile,MODEL
shaming,SCARCITY,9.0,0.0,0.0,0.0,0.0,ph_profile,MODEL
shaming,SCARCITY+NUM,4.0,0.0,0.0,0.0,0.0,ph_profile,MODEL
shaming,SCARCITY+PEOPLE,5.0,0.0,0.0,0.0,0.0,ph_profile,MODEL
shaming,SCARCITY+SOCIAL_COUNT,10.0,0.0,0.0,0.0,0.0,ph_profile,MODEL
shaming,SOCIAL_COUNT,11.0,0.0,0.0,0.0,0.0,ph_profile,MODEL
shaming,SOCIAL_COUNT+NUM,2.0,0.0,0.0,0.0,0.0,ph_profile,MODEL
shaming,STOCK,17.0,0.0,0.0,0.0,0.0,ph_profile,MODEL
shaming,STOCK+NUM,1.0,0.0,0.0,0.0,0.0,ph_profile,MODEL
shaming,TIMER,82.0,0.012195121951219513,0.0,0.0,0.0,ph_profile,MODEL
shaming,TIMER+DATE,1.0,0.0,0.0,0.0,0.0,ph_profile,MODEL
shaming,TIMER+MONEY,2.0,0.0,0.0,0.0,0.0,ph_profile,MODEL
shaming,TIMER+NUM,34.0,0.0,0.0,0.0,0.0,ph_profile,MODEL
shaming,TIMER+PEOPLE,1.0,0.0,0.0,0.0,0.0,ph_profile,MODEL
shaming,TIMER+SOCIAL_COUNT,2.0,0.0,0.0,0.0,0.0,ph_profile,MODEL
shaming,none,211.0,0.32701421800947866,0.08056872037914692,0.07246376811594203,0.08450704225352113,ph_profile,MODEL
shaming,47street,2.0,0.0,0.0,0.0,0.0,source,MODEL
shaming,820 compraron este artículo recientemente.,1.0,0.0,0.0,0.0,0.0,source,MODEL
shaming,Amazon,2.0,0.0,0.5,0.0,0.5,source,MODEL
shaming,Baeldung,1.0,1.0,1.0,1.0,0.0,source,MODEL
shaming,Bicycling.com,1.0,1.0,0.0,0.0,0.0,source,MODEL
shaming,Booklinen,1.0,1.0,0.0,0.0,0.0,source,MODEL
shaming,ClickUp,1.0,1.0,0.0,0.0,0.0,source,MODEL
shaming,CocaCola,1.0,0.0,0.0,0.0,0.0,source,MODEL
shaming,Delish,2.0,0.5,0.0,0.0,0.0,source,MODEL
shaming,Desconocido,53.0,0.37735849056603776,0.11320754716981132,0.1,0.12121212121212122,source,MODEL
shaming,Despegar,1.0,1.0,0.0,0.0,0.0,source,MODEL
shaming,Dogsters,1.0,1.0,0.0,0.0,0.0,source,MODEL
shaming,FashionNova,1.0,1.0,0.0,0.0,0.0,source,MODEL
shaming,IA,11.0,0.0,0.0,0.0,0.0,source,MODEL
shaming,JuanMenorio,1.0,0.0,1.0,0.0,1.0,source,MODEL
shaming,LaNacion,1.0,0.0,1.0,0.0,1.0,source,MODEL
shaming,Logo,1.0,1.0,0.0,0.0,0.0,source,MODEL
shaming,MyMedic,1.0,1.0,0.0,0.0,0.0,source,MODEL
shaming,NeilPatel,2.0,1.0,0.0,0.0,0.0,source,MODEL
shaming,RealTEA,1.0,1.0,0.0,0.0,0.0,source,MODEL
shaming,TreatsPlease,1.0,1.0,0.0,0.0,0.0,source,MODEL
shaming,[https://github.com/aruneshmathur/dark-patterns/blob/master/data/final-dark-patterns/dark-patterns.csv](https://github.com/aruneshmathur/dark-patterns/blob/master/data/final-dark-patterns/dark-patterns.csv),22.0,0.0,0.0,0.0,0.0,source,MODEL
shaming,africamia_jeans,2.0,0.0,0.0,0.0,0.0,source,MODEL
shaming,alevmayorista,1.0,0.0,0.0,0.0,0.0,source,MODEL
shaming,aliexpress,3.0,0.0,0.0,0.0,0.0,source,MODEL
shaming,amazon,2.0,0.0,0.0,0.0,0.0,source,MODEL
shaming,aprendoseo,3.0,0.0,1.0,0.0,1.0,source,MODEL
shaming,aruneshmathur_dark_patterns,121.0,0.0,0.0,0.0,0.0,source,MODEL
shaming,audible,1.0,0.0,0.0,0.0,0.0,source,MODEL
shaming,banggod,2.0,0.0,0.0,0.0,0.0,source,MODEL
shaming,bbriw_cosmetics,2.0,0.0,0.0,0.0,0.0,source,MODEL
shaming,bevrand,1.0,0.0,0.0,0.0,0.0,source,MODEL
shaming,bidcom,5.0,0.0,0.0,0.0,0.0,source,MODEL
shaming,boca,2.0,0.0,0.0,0.0,0.0,source,MODEL
shaming,booking,4.0,0.0,0.0,0.0,0.0,source,MODEL
shaming,boots,2.0,0.0,0.0,0.0,0.0,source,MODEL
shaming,bozoom,2.0,0.0,0.0,0.0,0.0,source,MODEL
shaming,coderhouse,5.0,0.0,0.0,0.0,0.0,source,MODEL
shaming,communiTEA,1.0,1.0,0.0,0.0,0.0,source,MODEL
shaming,comprasentacna,4.0,0.0,0.0,0.0,0.0,source,MODEL
shaming,creciendo,1.0,0.0,0.0,0.0,0.0,source,MODEL
shaming,crehana,1.0,0.0,0.0,0.0,0.0,source,MODEL
shaming,desconocido,1.0,0.0,0.0,0.0,0.0,source,MODEL
shaming,dexter,1.0,0.0,0.0,0.0,0.0,source,MODEL
shaming,discordiapersa,2.0,0.0,0.0,0.0,0.0,source,MODEL
shaming,domestika,3.0,0.0,0.0,0.0,0.0,source,MODEL
shaming,duolingo,1.0,0.0,0.0,0.0,0.0,source,MODEL
shaming,eBook,3.0,0.3333333333333333,0.3333333333333333,1.0,0.0,source,MODEL
shaming,ebay,1.0,0.0,0.0,0.0,0.0,source,MODEL
shaming,email,1.0,0.0,1.0,0.0,1.0,source,MODEL
shaming,etsy,5.0,0.0,0.0,0.0,0.0,source,MODEL
shaming,falabella,2.0,0.0,0.0,0.0,0.0,source,MODEL
shaming,fravega,1.0,0.0,0.0,0.0,0.0,source,MODEL
shaming,gadnic,4.0,0.0,0.0,0.0,0.0,source,MODEL
shaming,glowetta,2.0,0.0,0.0,0.0,0.0,source,MODEL
shaming,google,1.0,0.0,0.0,0.0,0.0,source,MODEL
shaming,hospedium,1.0,0.0,0.0,0.0,0.0,source,MODEL
shaming,hostinger,1.0,0.0,0.0,0.0,0.0,source,MODEL
shaming,https://github.com/aruneshmathur/dark-patterns/blob/master/data/final-dark-patterns/dark-patterns.csv,243.0,0.14814814814814814,0.00823045267489712,0.027777777777777776,0.004830917874396135,source,MODEL
shaming,https://github.com/aruneshmathur/dark-patterns/blob/master/data/final-dark-patterns/dark-patterns.csv](https://github.com/aruneshmathur/dark-patterns/blob/master/data/final-dark-patterns/dark-patterns.csv,1.0,0.0,0.0,0.0,0.0,source,MODEL
shaming,kissmetric,1.0,0.0,0.0,0.0,0.0,source,MODEL
shaming,la_nación,1.0,0.0,0.0,0.0,0.0,source,MODEL
shaming,legacy_club,1.0,0.0,0.0,0.0,0.0,source,MODEL
shaming,light_in_the_box,1.0,0.0,0.0,0.0,0.0,source,MODEL
shaming,loned&carla,2.0,0.0,0.0,0.0,0.0,source,MODEL
shaming,mercado_libre,2.0,0.0,0.0,0.0,0.0,source,MODEL
shaming,niacinamide,1.0,0.0,0.0,0.0,0.0,source,MODEL
shaming,nord_vpn,1.0,0.0,0.0,0.0,0.0,source,MODEL
shaming,pazprofunda,4.0,0.0,0.0,0.0,0.0,source,MODEL
shaming,platzi,2.0,0.0,0.0,0.0,0.0,source,MODEL
shaming,portsaid,1.0,0.0,0.0,0.0,0.0,source,MODEL
shaming,puma,1.0,0.0,0.0,0.0,0.0,source,MODEL
shaming,rappi,1.0,0.0,0.0,0.0,0.0,source,MODEL
shaming,riot,1.0,0.0,0.0,0.0,0.0,source,MODEL
shaming,shein,6.0,0.0,0.0,0.0,0.0,source,MODEL
shaming,source,1.0,0.0,0.0,0.0,0.0,source,MODEL
shaming,spotify,1.0,0.0,0.0,0.0,0.0,source,MODEL
shaming,steam,1.0,0.0,0.0,0.0,0.0,source,MODEL
shaming,stockcenter,1.0,0.0,0.0,0.0,0.0,source,MODEL
shaming,temu,17.0,0.0,0.0,0.0,0.0,source,MODEL
shaming,tienda_clic,1.0,0.0,0.0,0.0,0.0,source,MODEL
shaming,twitch,1.0,0.0,0.0,0.0,0.0,source,MODEL
shaming,udemy,1.0,0.0,0.0,0.0,0.0,source,MODEL
shaming,wish,6.0,0.0,0.0,0.0,0.0,source,MODEL
shaming,ynkore,1.0,0.0,0.0,0.0,0.0,source,MODEL
shaming,<=2,52.0,0.0,0.0,0.0,0.0,len_words_bucket,SYSTEM
shaming,3-4,112.0,0.11607142857142858,0.125,0.38461538461538464,0.09090909090909091,len_words_bucket,SYSTEM
shaming,5-7,233.0,0.15879828326180256,0.004291845493562232,0.0,0.00510204081632653,len_words_bucket,SYSTEM
shaming,8-12,148.0,0.14189189189189189,0.006756756756756757,0.0,0.007874015748031496,len_words_bucket,SYSTEM
shaming,13+,60.0,0.016666666666666666,0.0,0.0,0.0,len_words_bucket,SYSTEM
shaming,DATE,2.0,0.0,0.0,0.0,0.0,ph_profile,SYSTEM
shaming,MONEY,1.0,0.0,0.0,0.0,0.0,ph_profile,SYSTEM
shaming,NUM,120.0,0.016666666666666666,0.0,0.0,0.0,ph_profile,SYSTEM
shaming,PEOPLE,81.0,0.0,0.0,0.0,0.0,ph_profile,SYSTEM
shaming,PEOPLE+NUM,9.0,0.0,0.0,0.0,0.0,ph_profile,SYSTEM
shaming,SCARCITY,9.0,0.0,0.0,0.0,0.0,ph_profile,SYSTEM
shaming,SCARCITY+NUM,4.0,0.0,0.0,0.0,0.0,ph_profile,SYSTEM
shaming,SCARCITY+PEOPLE,5.0,0.0,0.0,0.0,0.0,ph_profile,SYSTEM
shaming,SCARCITY+SOCIAL_COUNT,10.0,0.0,0.0,0.0,0.0,ph_profile,SYSTEM
shaming,SOCIAL_COUNT,11.0,0.0,0.0,0.0,0.0,ph_profile,SYSTEM
shaming,SOCIAL_COUNT+NUM,2.0,0.0,0.0,0.0,0.0,ph_profile,SYSTEM
shaming,STOCK,17.0,0.0,0.0,0.0,0.0,ph_profile,SYSTEM
shaming,STOCK+NUM,1.0,0.0,0.0,0.0,0.0,ph_profile,SYSTEM
shaming,TIMER,82.0,0.012195121951219513,0.0,0.0,0.0,ph_profile,SYSTEM
shaming,TIMER+DATE,1.0,0.0,0.0,0.0,0.0,ph_profile,SYSTEM
shaming,TIMER+MONEY,2.0,0.0,0.0,0.0,0.0,ph_profile,SYSTEM
shaming,TIMER+NUM,34.0,0.0,0.0,0.0,0.0,ph_profile,SYSTEM
shaming,TIMER+PEOPLE,1.0,0.0,0.0,0.0,0.0,ph_profile,SYSTEM
shaming,TIMER+SOCIAL_COUNT,2.0,0.0,0.0,0.0,0.0,ph_profile,SYSTEM
shaming,none,211.0,0.32701421800947866,0.07582938388625593,0.07246376811594203,0.07746478873239436,ph_profile,SYSTEM
shaming,47street,2.0,0.0,0.0,0.0,0.0,source,SYSTEM
shaming,820 compraron este artículo recientemente.,1.0,0.0,0.0,0.0,0.0,source,SYSTEM
shaming,Amazon,2.0,0.0,0.5,0.0,0.5,source,SYSTEM
shaming,Baeldung,1.0,1.0,1.0,1.0,0.0,source,SYSTEM
shaming,Bicycling.com,1.0,1.0,0.0,0.0,0.0,source,SYSTEM
shaming,Booklinen,1.0,1.0,0.0,0.0,0.0,source,SYSTEM
shaming,ClickUp,1.0,1.0,0.0,0.0,0.0,source,SYSTEM
shaming,CocaCola,1.0,0.0,0.0,0.0,0.0,source,SYSTEM
shaming,Delish,2.0,0.5,0.0,0.0,0.0,source,SYSTEM
shaming,Desconocido,53.0,0.37735849056603776,0.09433962264150944,0.1,0.09090909090909091,source,SYSTEM
shaming,Despegar,1.0,1.0,0.0,0.0,0.0,source,SYSTEM
shaming,Dogsters,1.0,1.0,0.0,0.0,0.0,source,SYSTEM
shaming,FashionNova,1.0,1.0,0.0,0.0,0.0,source,SYSTEM
shaming,IA,11.0,0.0,0.0,0.0,0.0,source,SYSTEM
shaming,JuanMenorio,1.0,0.0,1.0,0.0,1.0,source,SYSTEM
shaming,LaNacion,1.0,0.0,1.0,0.0,1.0,source,SYSTEM
shaming,Logo,1.0,1.0,0.0,0.0,0.0,source,SYSTEM
shaming,MyMedic,1.0,1.0,0.0,0.0,0.0,source,SYSTEM
shaming,NeilPatel,2.0,1.0,0.0,0.0,0.0,source,SYSTEM
shaming,RealTEA,1.0,1.0,0.0,0.0,0.0,source,SYSTEM
shaming,TreatsPlease,1.0,1.0,0.0,0.0,0.0,source,SYSTEM
shaming,[https://github.com/aruneshmathur/dark-patterns/blob/master/data/final-dark-patterns/dark-patterns.csv](https://github.com/aruneshmathur/dark-patterns/blob/master/data/final-dark-patterns/dark-patterns.csv),22.0,0.0,0.0,0.0,0.0,source,SYSTEM
shaming,africamia_jeans,2.0,0.0,0.0,0.0,0.0,source,SYSTEM
shaming,alevmayorista,1.0,0.0,0.0,0.0,0.0,source,SYSTEM
shaming,aliexpress,3.0,0.0,0.0,0.0,0.0,source,SYSTEM
shaming,amazon,2.0,0.0,0.0,0.0,0.0,source,SYSTEM
shaming,aprendoseo,3.0,0.0,1.0,0.0,1.0,source,SYSTEM
shaming,aruneshmathur_dark_patterns,121.0,0.0,0.0,0.0,0.0,source,SYSTEM
shaming,audible,1.0,0.0,0.0,0.0,0.0,source,SYSTEM
shaming,banggod,2.0,0.0,0.0,0.0,0.0,source,SYSTEM
shaming,bbriw_cosmetics,2.0,0.0,0.0,0.0,0.0,source,SYSTEM
shaming,bevrand,1.0,0.0,0.0,0.0,0.0,source,SYSTEM
shaming,bidcom,5.0,0.0,0.0,0.0,0.0,source,SYSTEM
shaming,boca,2.0,0.0,0.0,0.0,0.0,source,SYSTEM
shaming,booking,4.0,0.0,0.0,0.0,0.0,source,SYSTEM
shaming,boots,2.0,0.0,0.0,0.0,0.0,source,SYSTEM
shaming,bozoom,2.0,0.0,0.0,0.0,0.0,source,SYSTEM
shaming,coderhouse,5.0,0.0,0.0,0.0,0.0,source,SYSTEM
shaming,communiTEA,1.0,1.0,0.0,0.0,0.0,source,SYSTEM
shaming,comprasentacna,4.0,0.0,0.0,0.0,0.0,source,SYSTEM
shaming,creciendo,1.0,0.0,0.0,0.0,0.0,source,SYSTEM
shaming,crehana,1.0,0.0,0.0,0.0,0.0,source,SYSTEM
shaming,desconocido,1.0,0.0,0.0,0.0,0.0,source,SYSTEM
shaming,dexter,1.0,0.0,0.0,0.0,0.0,source,SYSTEM
shaming,discordiapersa,2.0,0.0,0.0,0.0,0.0,source,SYSTEM
shaming,domestika,3.0,0.0,0.0,0.0,0.0,source,SYSTEM
shaming,duolingo,1.0,0.0,0.0,0.0,0.0,source,SYSTEM
shaming,eBook,3.0,0.3333333333333333,0.3333333333333333,1.0,0.0,source,SYSTEM
shaming,ebay,1.0,0.0,0.0,0.0,0.0,source,SYSTEM
shaming,email,1.0,0.0,1.0,0.0,1.0,source,SYSTEM
shaming,etsy,5.0,0.0,0.0,0.0,0.0,source,SYSTEM
shaming,falabella,2.0,0.0,0.0,0.0,0.0,source,SYSTEM
shaming,fravega,1.0,0.0,0.0,0.0,0.0,source,SYSTEM
shaming,gadnic,4.0,0.0,0.0,0.0,0.0,source,SYSTEM
shaming,glowetta,2.0,0.0,0.0,0.0,0.0,source,SYSTEM
shaming,google,1.0,0.0,0.0,0.0,0.0,source,SYSTEM
shaming,hospedium,1.0,0.0,0.0,0.0,0.0,source,SYSTEM
shaming,hostinger,1.0,0.0,0.0,0.0,0.0,source,SYSTEM
shaming,https://github.com/aruneshmathur/dark-patterns/blob/master/data/final-dark-patterns/dark-patterns.csv,243.0,0.14814814814814814,0.00823045267489712,0.027777777777777776,0.004830917874396135,source,SYSTEM
shaming,https://github.com/aruneshmathur/dark-patterns/blob/master/data/final-dark-patterns/dark-patterns.csv](https://github.com/aruneshmathur/dark-patterns/blob/master/data/final-dark-patterns/dark-patterns.csv,1.0,0.0,0.0,0.0,0.0,source,SYSTEM
shaming,kissmetric,1.0,0.0,0.0,0.0,0.0,source,SYSTEM
shaming,la_nación,1.0,0.0,0.0,0.0,0.0,source,SYSTEM
shaming,legacy_club,1.0,0.0,0.0,0.0,0.0,source,SYSTEM
shaming,light_in_the_box,1.0,0.0,0.0,0.0,0.0,source,SYSTEM
shaming,loned&carla,2.0,0.0,0.0,0.0,0.0,source,SYSTEM
shaming,mercado_libre,2.0,0.0,0.0,0.0,0.0,source,SYSTEM
shaming,niacinamide,1.0,0.0,0.0,0.0,0.0,source,SYSTEM
shaming,nord_vpn,1.0,0.0,0.0,0.0,0.0,source,SYSTEM
shaming,pazprofunda,4.0,0.0,0.0,0.0,0.0,source,SYSTEM
shaming,platzi,2.0,0.0,0.0,0.0,0.0,source,SYSTEM
shaming,portsaid,1.0,0.0,0.0,0.0,0.0,source,SYSTEM
shaming,puma,1.0,0.0,0.0,0.0,0.0,source,SYSTEM
shaming,rappi,1.0,0.0,0.0,0.0,0.0,source,SYSTEM
shaming,riot,1.0,0.0,0.0,0.0,0.0,source,SYSTEM
shaming,shein,6.0,0.0,0.0,0.0,0.0,source,SYSTEM
shaming,source,1.0,0.0,0.0,0.0,0.0,source,SYSTEM
shaming,spotify,1.0,0.0,0.0,0.0,0.0,source,SYSTEM
shaming,steam,1.0,0.0,0.0,0.0,0.0,source,SYSTEM
shaming,stockcenter,1.0,0.0,0.0,0.0,0.0,source,SYSTEM
shaming,temu,17.0,0.0,0.0,0.0,0.0,source,SYSTEM
shaming,tienda_clic,1.0,0.0,0.0,0.0,0.0,source,SYSTEM
shaming,twitch,1.0,0.0,0.0,0.0,0.0,source,SYSTEM
shaming,udemy,1.0,0.0,0.0,0.0,0.0,source,SYSTEM
shaming,wish,6.0,0.0,0.0,0.0,0.0,source,SYSTEM
shaming,ynkore,1.0,0.0,0.0,0.0,0.0,source,SYSTEM
social_proof,<=2,52.0,0.11538461538461539,0.1346153846153846,0.6666666666666666,0.06521739130434782,len_words_bucket,MODEL
social_proof,3-4,112.0,0.24107142857142858,0.11607142857142858,0.25925925925925924,0.07058823529411765,len_words_bucket,MODEL
social_proof,5-7,233.0,0.3948497854077253,0.13733905579399142,0.15217391304347827,0.1276595744680851,len_words_bucket,MODEL
social_proof,8-12,148.0,0.44594594594594594,0.20270270270270271,0.2727272727272727,0.14634146341463414,len_words_bucket,MODEL
social_proof,13+,60.0,0.5166666666666667,0.25,0.06451612903225806,0.4482758620689655,len_words_bucket,MODEL
social_proof,DATE,2.0,0.0,0.0,0.0,0.0,ph_profile,MODEL
social_proof,MONEY,1.0,0.0,1.0,0.0,1.0,ph_profile,MODEL
social_proof,NUM,120.0,0.525,0.35,0.2857142857142857,0.42105263157894735,ph_profile,MODEL
social_proof,PEOPLE,81.0,1.0,0.0,0.0,0.0,ph_profile,MODEL
social_proof,PEOPLE+NUM,9.0,1.0,0.0,0.0,0.0,ph_profile,MODEL
social_proof,SCARCITY,9.0,0.0,0.1111111111111111,0.0,0.1111111111111111,ph_profile,MODEL
social_proof,SCARCITY+NUM,4.0,1.0,0.25,0.25,0.0,ph_profile,MODEL
social_proof,SCARCITY+PEOPLE,5.0,1.0,0.0,0.0,0.0,ph_profile,MODEL
social_proof,SCARCITY+SOCIAL_COUNT,10.0,1.0,0.2,0.2,0.0,ph_profile,MODEL
social_proof,SOCIAL_COUNT,11.0,0.9090909090909091,0.8181818181818182,0.8,1.0,ph_profile,MODEL
social_proof,SOCIAL_COUNT+NUM,2.0,1.0,0.5,0.5,0.0,ph_profile,MODEL
social_proof,STOCK,17.0,0.058823529411764705,0.0,0.0,0.0,ph_profile,MODEL
social_proof,STOCK+NUM,1.0,0.0,0.0,0.0,0.0,ph_profile,MODEL
social_proof,TIMER,82.0,0.0,0.0,0.0,0.0,ph_profile,MODEL
social_proof,TIMER+DATE,1.0,0.0,0.0,0.0,0.0,ph_profile,MODEL
social_proof,TIMER+MONEY,2.0,0.0,0.0,0.0,0.0,ph_profile,MODEL
social_proof,TIMER+NUM,34.0,0.058823529411764705,0.08823529411764706,1.0,0.03125,ph_profile,MODEL
social_proof,TIMER+PEOPLE,1.0,1.0,0.0,0.0,0.0,ph_profile,MODEL
social_proof,TIMER+SOCIAL_COUNT,2.0,1.0,1.0,1.0,0.0,ph_profile,MODEL
social_proof,none,211.0,0.15165876777251186,0.16587677725118483,0.34375,0.1340782122905028,ph_profile,MODEL
social_proof,47street,2.0,0.0,0.0,0.0,0.0,source,MODEL
social_proof,820 compraron este artículo recientemente.,1.0,1.0,0.0,0.0,0.0,source,MODEL
social_proof,Amazon,2.0,0.0,0.0,0.0,0.0,source,MODEL
social_proof,Baeldung,1.0,0.0,0.0,0.0,0.0,source,MODEL
social_proof,Bicycling.com,1.0,0.0,0.0,0.0,0.0,source,MODEL
social_proof,Booklinen,1.0,0.0,0.0,0.0,0.0,source,MODEL
social_proof,ClickUp,1.0,0.0,0.0,0.0,0.0,source,MODEL
social_proof,CocaCola,1.0,0.0,0.0,0.0,0.0,source,MODEL
social_proof,Delish,2.0,0.0,0.0,0.0,0.0,source,MODEL
social_proof,Desconocido,53.0,0.0,0.18867924528301888,0.0,0.18867924528301888,source,MODEL
social_proof,Despegar,1.0,0.0,0.0,0.0,0.0,source,MODEL
social_proof,Dogsters,1.0,0.0,0.0,0.0,0.0,source,MODEL
social_proof,FashionNova,1.0,0.0,0.0,0.0,0.0,source,MODEL
social_proof,IA,11.0,0.0,0.18181818181818182,0.0,0.18181818181818182,source,MODEL
social_proof,JuanMenorio,1.0,0.0,0.0,0.0,0.0,source,MODEL
social_proof,LaNacion,1.0,0.0,0.0,0.0,0.0,source,MODEL
social_proof,Logo,1.0,0.0,0.0,0.0,0.0,source,MODEL
social_proof,MyMedic,1.0,0.0,0.0,0.0,0.0,source,MODEL
social_proof,NeilPatel,2.0,0.0,0.0,0.0,0.0,source,MODEL
social_proof,RealTEA,1.0,0.0,0.0,0.0,0.0,source,MODEL
social_proof,TreatsPlease,1.0,0.0,0.0,0.0,0.0,source,MODEL
social_proof,[https://github.com/aruneshmathur/dark-patterns/blob/master/data/final-dark-patterns/dark-patterns.csv](https://github.com/aruneshmathur/dark-patterns/blob/master/data/final-dark-patterns/dark-patterns.csv),22.0,0.0,0.6363636363636364,0.0,0.6363636363636364,source,MODEL
social_proof,africamia_jeans,2.0,0.0,0.0,0.0,0.0,source,MODEL
social_proof,alevmayorista,1.0,1.0,0.0,0.0,0.0,source,MODEL
social_proof,aliexpress,3.0,0.0,0.0,0.0,0.0,source,MODEL
social_proof,amazon,2.0,0.0,0.0,0.0,0.0,source,MODEL
social_proof,aprendoseo,3.0,0.0,0.0,0.0,0.0,source,MODEL
social_proof,aruneshmathur_dark_patterns,121.0,0.0,0.1487603305785124,0.0,0.1487603305785124,source,MODEL
social_proof,audible,1.0,0.0,0.0,0.0,0.0,source,MODEL
social_proof,banggod,2.0,0.0,0.0,0.0,0.0,source,MODEL
social_proof,bbriw_cosmetics,2.0,1.0,0.0,0.0,0.0,source,MODEL
social_proof,bevrand,1.0,0.0,0.0,0.0,0.0,source,MODEL
social_proof,bidcom,5.0,0.0,0.0,0.0,0.0,source,MODEL
social_proof,boca,2.0,0.0,0.0,0.0,0.0,source,MODEL
social_proof,booking,4.0,0.0,0.0,0.0,0.0,source,MODEL
social_proof,boots,2.0,0.0,0.0,0.0,0.0,source,MODEL
social_proof,bozoom,2.0,0.5,0.0,0.0,0.0,source,MODEL
social_proof,coderhouse,5.0,0.0,0.0,0.0,0.0,source,MODEL
social_proof,communiTEA,1.0,0.0,0.0,0.0,0.0,source,MODEL
social_proof,comprasentacna,4.0,1.0,0.0,0.0,0.0,source,MODEL
social_proof,creciendo,1.0,0.0,0.0,0.0,0.0,source,MODEL
social_proof,crehana,1.0,1.0,0.0,0.0,0.0,source,MODEL
social_proof,desconocido,1.0,0.0,0.0,0.0,0.0,source,MODEL
social_proof,dexter,1.0,0.0,0.0,0.0,0.0,source,MODEL
social_proof,discordiapersa,2.0,0.0,0.0,0.0,0.0,source,MODEL
social_proof,domestika,3.0,0.0,0.0,0.0,0.0,source,MODEL
social_proof,duolingo,1.0,0.0,0.0,0.0,0.0,source,MODEL
social_proof,eBook,3.0,0.0,0.0,0.0,0.0,source,MODEL
social_proof,ebay,1.0,0.0,0.0,0.0,0.0,source,MODEL
social_proof,email,1.0,0.0,0.0,0.0,0.0,source,MODEL
social_proof,etsy,5.0,0.8,0.0,0.0,0.0,source,MODEL
social_proof,falabella,2.0,0.0,0.0,0.0,0.0,source,MODEL
social_proof,fravega,1.0,0.0,0.0,0.0,0.0,source,MODEL
social_proof,gadnic,4.0,0.0,0.0,0.0,0.0,source,MODEL
social_proof,glowetta,2.0,0.5,0.5,0.0,1.0,source,MODEL
social_proof,google,1.0,0.0,0.0,0.0,0.0,source,MODEL
social_proof,hospedium,1.0,0.0,0.0,0.0,0.0,source,MODEL
social_proof,hostinger,1.0,0.0,0.0,0.0,0.0,source,MODEL
social_proof,https://github.com/aruneshmathur/dark-patterns/blob/master/data/final-dark-patterns/dark-patterns.csv,243.0,0.8518518518518519,0.18518518518518517,0.21739130434782608,0.0,source,MODEL
social_proof,https://github.com/aruneshmathur/dark-patterns/blob/master/data/final-dark-patterns/dark-patterns.csv](https://github.com/aruneshmathur/dark-patterns/blob/master/data/final-dark-patterns/dark-patterns.csv,1.0,0.0,0.0,0.0,0.0,source,MODEL
social_proof,kissmetric,1.0,0.0,0.0,0.0,0.0,source,MODEL
social_proof,la_nación,1.0,0.0,0.0,0.0,0.0,source,MODEL
social_proof,legacy_club,1.0,0.0,0.0,0.0,0.0,source,MODEL
social_proof,light_in_the_box,1.0,0.0,0.0,0.0,0.0,source,MODEL
social_proof,loned&carla,2.0,0.0,0.0,0.0,0.0,source,MODEL
social_proof,mercado_libre,2.0,0.0,0.0,0.0,0.0,source,MODEL
social_proof,niacinamide,1.0,0.0,1.0,0.0,1.0,source,MODEL
social_proof,nord_vpn,1.0,0.0,0.0,0.0,0.0,source,MODEL
social_proof,pazprofunda,4.0,0.0,0.0,0.0,0.0,source,MODEL
social_proof,platzi,2.0,0.0,0.0,0.0,0.0,source,MODEL
social_proof,portsaid,1.0,0.0,0.0,0.0,0.0,source,MODEL
social_proof,puma,1.0,0.0,0.0,0.0,0.0,source,MODEL
social_proof,rappi,1.0,0.0,0.0,0.0,0.0,source,MODEL
social_proof,riot,1.0,0.0,1.0,0.0,1.0,source,MODEL
social_proof,shein,6.0,0.0,0.0,0.0,0.0,source,MODEL
social_proof,source,1.0,0.0,0.0,0.0,0.0,source,MODEL
social_proof,spotify,1.0,0.0,0.0,0.0,0.0,source,MODEL
social_proof,steam,1.0,0.0,0.0,0.0,0.0,source,MODEL
social_proof,stockcenter,1.0,0.0,0.0,0.0,0.0,source,MODEL
social_proof,temu,17.0,0.0,0.17647058823529413,0.0,0.17647058823529413,source,MODEL
social_proof,tienda_clic,1.0,0.0,1.0,0.0,1.0,source,MODEL
social_proof,twitch,1.0,0.0,1.0,0.0,1.0,source,MODEL
social_proof,udemy,1.0,0.0,0.0,0.0,0.0,source,MODEL
social_proof,wish,6.0,0.0,0.0,0.0,0.0,source,MODEL
social_proof,ynkore,1.0,0.0,0.0,0.0,0.0,source,MODEL
social_proof,<=2,52.0,0.11538461538461539,0.1346153846153846,0.6666666666666666,0.06521739130434782,len_words_bucket,SYSTEM
social_proof,3-4,112.0,0.24107142857142858,0.11607142857142858,0.25925925925925924,0.07058823529411765,len_words_bucket,SYSTEM
social_proof,5-7,233.0,0.3948497854077253,0.13304721030042918,0.15217391304347827,0.12056737588652482,len_words_bucket,SYSTEM
social_proof,8-12,148.0,0.44594594594594594,0.20270270270270271,0.2727272727272727,0.14634146341463414,len_words_bucket,SYSTEM
social_proof,13+,60.0,0.5166666666666667,0.25,0.06451612903225806,0.4482758620689655,len_words_bucket,SYSTEM
social_proof,DATE,2.0,0.0,0.0,0.0,0.0,ph_profile,SYSTEM
social_proof,MONEY,1.0,0.0,1.0,0.0,1.0,ph_profile,SYSTEM
social_proof,NUM,120.0,0.525,0.3416666666666667,0.2857142857142857,0.40350877192982454,ph_profile,SYSTEM
social_proof,PEOPLE,81.0,1.0,0.0,0.0,0.0,ph_profile,SYSTEM
social_proof,PEOPLE+NUM,9.0,1.0,0.0,0.0,0.0,ph_profile,SYSTEM
social_proof,SCARCITY,9.0,0.0,0.1111111111111111,0.0,0.1111111111111111,ph_profile,SYSTEM
social_proof,SCARCITY+NUM,4.0,1.0,0.25,0.25,0.0,ph_profile,SYSTEM
social_proof,SCARCITY+PEOPLE,5.0,1.0,0.0,0.0,0.0,ph_profile,SYSTEM
social_proof,SCARCITY+SOCIAL_COUNT,10.0,1.0,0.2,0.2,0.0,ph_profile,SYSTEM
social_proof,SOCIAL_COUNT,11.0,0.9090909090909091,0.8181818181818182,0.8,1.0,ph_profile,SYSTEM
social_proof,SOCIAL_COUNT+NUM,2.0,1.0,0.5,0.5,0.0,ph_profile,SYSTEM
social_proof,STOCK,17.0,0.058823529411764705,0.0,0.0,0.0,ph_profile,SYSTEM
social_proof,STOCK+NUM,1.0,0.0,0.0,0.0,0.0,ph_profile,SYSTEM
social_proof,TIMER,82.0,0.0,0.0,0.0,0.0,ph_profile,SYSTEM
social_proof,TIMER+DATE,1.0,0.0,0.0,0.0,0.0,ph_profile,SYSTEM
social_proof,TIMER+MONEY,2.0,0.0,0.0,0.0,0.0,ph_profile,SYSTEM
social_proof,TIMER+NUM,34.0,0.058823529411764705,0.08823529411764706,1.0,0.03125,ph_profile,SYSTEM
social_proof,TIMER+PEOPLE,1.0,1.0,0.0,0.0,0.0,ph_profile,SYSTEM
social_proof,TIMER+SOCIAL_COUNT,2.0,1.0,1.0,1.0,0.0,ph_profile,SYSTEM
social_proof,none,211.0,0.15165876777251186,0.16587677725118483,0.34375,0.1340782122905028,ph_profile,SYSTEM
social_proof,47street,2.0,0.0,0.0,0.0,0.0,source,SYSTEM
social_proof,820 compraron este artículo recientemente.,1.0,1.0,0.0,0.0,0.0,source,SYSTEM
social_proof,Amazon,2.0,0.0,0.0,0.0,0.0,source,SYSTEM
social_proof,Baeldung,1.0,0.0,0.0,0.0,0.0,source,SYSTEM
social_proof,Bicycling.com,1.0,0.0,0.0,0.0,0.0,source,SYSTEM
social_proof,Booklinen,1.0,0.0,0.0,0.0,0.0,source,SYSTEM
social_proof,ClickUp,1.0,0.0,0.0,0.0,0.0,source,SYSTEM
social_proof,CocaCola,1.0,0.0,0.0,0.0,0.0,source,SYSTEM
social_proof,Delish,2.0,0.0,0.0,0.0,0.0,source,SYSTEM
social_proof,Desconocido,53.0,0.0,0.18867924528301888,0.0,0.18867924528301888,source,SYSTEM
social_proof,Despegar,1.0,0.0,0.0,0.0,0.0,source,SYSTEM
social_proof,Dogsters,1.0,0.0,0.0,0.0,0.0,source,SYSTEM
social_proof,FashionNova,1.0,0.0,0.0,0.0,0.0,source,SYSTEM
social_proof,IA,11.0,0.0,0.09090909090909091,0.0,0.09090909090909091,source,SYSTEM
social_proof,JuanMenorio,1.0,0.0,0.0,0.0,0.0,source,SYSTEM
social_proof,LaNacion,1.0,0.0,0.0,0.0,0.0,source,SYSTEM
social_proof,Logo,1.0,0.0,0.0,0.0,0.0,source,SYSTEM
social_proof,MyMedic,1.0,0.0,0.0,0.0,0.0,source,SYSTEM
social_proof,NeilPatel,2.0,0.0,0.0,0.0,0.0,source,SYSTEM
social_proof,RealTEA,1.0,0.0,0.0,0.0,0.0,source,SYSTEM
social_proof,TreatsPlease,1.0,0.0,0.0,0.0,0.0,source,SYSTEM
social_proof,[https://github.com/aruneshmathur/dark-patterns/blob/master/data/final-dark-patterns/dark-patterns.csv](https://github.com/aruneshmathur/dark-patterns/blob/master/data/final-dark-patterns/dark-patterns.csv),22.0,0.0,0.6363636363636364,0.0,0.6363636363636364,source,SYSTEM
social_proof,africamia_jeans,2.0,0.0,0.0,0.0,0.0,source,SYSTEM
social_proof,alevmayorista,1.0,1.0,0.0,0.0,0.0,source,SYSTEM
social_proof,aliexpress,3.0,0.0,0.0,0.0,0.0,source,SYSTEM
social_proof,amazon,2.0,0.0,0.0,0.0,0.0,source,SYSTEM
social_proof,aprendoseo,3.0,0.0,0.0,0.0,0.0,source,SYSTEM
social_proof,aruneshmathur_dark_patterns,121.0,0.0,0.1487603305785124,0.0,0.1487603305785124,source,SYSTEM
social_proof,audible,1.0,0.0,0.0,0.0,0.0,source,SYSTEM
social_proof,banggod,2.0,0.0,0.0,0.0,0.0,source,SYSTEM
social_proof,bbriw_cosmetics,2.0,1.0,0.0,0.0,0.0,source,SYSTEM
social_proof,bevrand,1.0,0.0,0.0,0.0,0.0,source,SYSTEM
social_proof,bidcom,5.0,0.0,0.0,0.0,0.0,source,SYSTEM
social_proof,boca,2.0,0.0,0.0,0.0,0.0,source,SYSTEM
social_proof,booking,4.0,0.0,0.0,0.0,0.0,source,SYSTEM
social_proof,boots,2.0,0.0,0.0,0.0,0.0,source,SYSTEM
social_proof,bozoom,2.0,0.5,0.0,0.0,0.0,source,SYSTEM
social_proof,coderhouse,5.0,0.0,0.0,0.0,0.0,source,SYSTEM
social_proof,communiTEA,1.0,0.0,0.0,0.0,0.0,source,SYSTEM
social_proof,comprasentacna,4.0,1.0,0.0,0.0,0.0,source,SYSTEM
social_proof,creciendo,1.0,0.0,0.0,0.0,0.0,source,SYSTEM
social_proof,crehana,1.0,1.0,0.0,0.0,0.0,source,SYSTEM
social_proof,desconocido,1.0,0.0,0.0,0.0,0.0,source,SYSTEM
social_proof,dexter,1.0,0.0,0.0,0.0,0.0,source,SYSTEM
social_proof,discordiapersa,2.0,0.0,0.0,0.0,0.0,source,SYSTEM
social_proof,domestika,3.0,0.0,0.0,0.0,0.0,source,SYSTEM
social_proof,duolingo,1.0,0.0,0.0,0.0,0.0,source,SYSTEM
social_proof,eBook,3.0,0.0,0.0,0.0,0.0,source,SYSTEM
social_proof,ebay,1.0,0.0,0.0,0.0,0.0,source,SYSTEM
social_proof,email,1.0,0.0,0.0,0.0,0.0,source,SYSTEM
social_proof,etsy,5.0,0.8,0.0,0.0,0.0,source,SYSTEM
social_proof,falabella,2.0,0.0,0.0,0.0,0.0,source,SYSTEM
social_proof,fravega,1.0,0.0,0.0,0.0,0.0,source,SYSTEM
social_proof,gadnic,4.0,0.0,0.0,0.0,0.0,source,SYSTEM
social_proof,glowetta,2.0,0.5,0.5,0.0,1.0,source,SYSTEM
social_proof,google,1.0,0.0,0.0,0.0,0.0,source,SYSTEM
social_proof,hospedium,1.0,0.0,0.0,0.0,0.0,source,SYSTEM
social_proof,hostinger,1.0,0.0,0.0,0.0,0.0,source,SYSTEM
social_proof,https://github.com/aruneshmathur/dark-patterns/blob/master/data/final-dark-patterns/dark-patterns.csv,243.0,0.8518518518518519,0.18518518518518517,0.21739130434782608,0.0,source,SYSTEM
social_proof,https://github.com/aruneshmathur/dark-patterns/blob/master/data/final-dark-patterns/dark-patterns.csv](https://github.com/aruneshmathur/dark-patterns/blob/master/data/final-dark-patterns/dark-patterns.csv,1.0,0.0,0.0,0.0,0.0,source,SYSTEM
social_proof,kissmetric,1.0,0.0,0.0,0.0,0.0,source,SYSTEM
social_proof,la_nación,1.0,0.0,0.0,0.0,0.0,source,SYSTEM
social_proof,legacy_club,1.0,0.0,0.0,0.0,0.0,source,SYSTEM
social_proof,light_in_the_box,1.0,0.0,0.0,0.0,0.0,source,SYSTEM
social_proof,loned&carla,2.0,0.0,0.0,0.0,0.0,source,SYSTEM
social_proof,mercado_libre,2.0,0.0,0.0,0.0,0.0,source,SYSTEM
social_proof,niacinamide,1.0,0.0,1.0,0.0,1.0,source,SYSTEM
social_proof,nord_vpn,1.0,0.0,0.0,0.0,0.0,source,SYSTEM
social_proof,pazprofunda,4.0,0.0,0.0,0.0,0.0,source,SYSTEM
social_proof,platzi,2.0,0.0,0.0,0.0,0.0,source,SYSTEM
social_proof,portsaid,1.0,0.0,0.0,0.0,0.0,source,SYSTEM
social_proof,puma,1.0,0.0,0.0,0.0,0.0,source,SYSTEM
social_proof,rappi,1.0,0.0,0.0,0.0,0.0,source,SYSTEM
social_proof,riot,1.0,0.0,1.0,0.0,1.0,source,SYSTEM
social_proof,shein,6.0,0.0,0.0,0.0,0.0,source,SYSTEM
social_proof,source,1.0,0.0,0.0,0.0,0.0,source,SYSTEM
social_proof,spotify,1.0,0.0,0.0,0.0,0.0,source,SYSTEM
social_proof,steam,1.0,0.0,0.0,0.0,0.0,source,SYSTEM
social_proof,stockcenter,1.0,0.0,0.0,0.0,0.0,source,SYSTEM
social_proof,temu,17.0,0.0,0.17647058823529413,0.0,0.17647058823529413,source,SYSTEM
social_proof,tienda_clic,1.0,0.0,1.0,0.0,1.0,source,SYSTEM
social_proof,twitch,1.0,0.0,1.0,0.0,1.0,source,SYSTEM
social_proof,udemy,1.0,0.0,0.0,0.0,0.0,source,SYSTEM
social_proof,wish,6.0,0.0,0.0,0.0,0.0,source,SYSTEM
social_proof,ynkore,1.0,0.0,0.0,0.0,0.0,source,SYSTEM
