type,content,source
fake_urgency,NO CUELGUES! EL SALE TERMINA EN 03:16:29:07 DIAS HS MIN SEG,47street
fake_urgency,NO CUELGUES! EL SALE TERMINA EN 00:7:35:52 DIAS HS MIN SEG,47street
fake_scarcity,"Â¡No te lo pierdas, es el Ãºltimo!",africamia_jeans
fake_scarcity,Â¡Solo quedan 5 en stock!,africamia_jeans
social_proof,7 Â¡Personas estan viendo este producto ahora!,alevmayorista
fake_urgency,"La Promo Termina: 8 ene., 04:59 (GMT-3) OFERTAS DE AÃ‘O NUEVO",aliexpress
fake_urgency,SuperOfertas Acaba en: 16:57:01,aliexpress
fake_urgency,"Ofertas de AÃ±o Nuevo Â· SuperOfertas Termina: 8 ene., 04:59 (GMT-3)",aliexpress
fake_scarcity,Solo queda(n) 1 en stock (hay mÃ¡s unidades en camino).,amazon
fake_urgency,Oferta por tiempo limitado,amazon
fake_urgency,OFERTA POR TIEMPO LIMITADO,audible
fake_urgency,Flash Deals 4D:12:24:50,banggod
fake_urgency,Flaâš¡h Deals 4D:12:24:50,banggod
social_proof,15 personas estÃ¡n viendo esto ahora mismo,bbriw_cosmetics
social_proof,Se vendieron 20 productos en las Ãºltimas 6 horas,bbriw_cosmetics
fake_urgency,Oferta por tiempo limitado Â¡-87% Solo Ahora! Ahorra 13 â‚¬ 09:23 minutos restantes,bevrand
fake_scarcity,Â¡Ãšltimas unidades!,bidcom
fake_urgency,OFERTAS PICANTES HASTA 30% OFF FINALIZA EN 00 : 28 : 00 Horas Â· Minutos Â· Segundos,bidcom
fake_urgency,picante FINALIZA EN 00 : 09 : 38 Horas  Minutos  Segundos Ver Productos,bidcom
fake_urgency,OFERTA BOMBA FINALIZA EN: 02:08:56,bidcom
fake_scarcity,(6 disponibles),bidcom
fake_scarcity,Â¡Ãšltimos! (1 disponibles),boca
fake_scarcity,Stock disponible: (19 disponibles),boca
fake_scarcity,Solo quedan 2 a este precio en nuestra pÃ¡gina,booking
fake_scarcity,Solo queda 1 a este precio en nuestra pÃ¡gina,booking
fake_urgency,Oferta de tiempo limitado,booking
fake_scarcity,Solo quedan 3 habitaciones a este precio en nuestra pÃ¡gina,booking
fake_scarcity,Â¡Quedan solo 2 en stock!,bozoom
social_proof,Vendido hace 57 minutos,bozoom
fake_scarcity,Quedan 3 lugares ğŸ”¥,coderhouse
fake_scarcity,Quedan 6 lugares ğŸ”¥,coderhouse
fake_scarcity,Quedan 7 lugares ğŸ”¥,coderhouse
social_proof,ğŸ”¥ 34 personas estÃ¡n viendo este producto.,comprasentacna
social_proof,ğŸ”¥ 45 personas estÃ¡n viendo este producto.,comprasentacna
social_proof,ğŸ”¥ 42 personas estÃ¡n viendo este producto.,comprasentacna
social_proof,ğŸ”¥ 43 personas estÃ¡n viendo este producto.,comprasentacna
fake_urgency,CODER SALE ğŸ’¥ Hasta el 07/01,coderhouse
fake_urgency,CODER SALE ğŸ’¥ Finaliza en: 2d 12h 48m 51s,coderhouse
fake_scarcity,Â¡Ãšltima disponible!,creciendo
social_proof,Â¡Hay 6 personas que estÃ¡n comprando lo mismo que tÃº desde colombia!,crehana
fake_scarcity,Â¡Ãšltima unidad disponible!,dexter
fake_scarcity,"Â¡No te lo pierdas, es el Ãºltimo!",discordiapersa
fake_scarcity,Â¡Solo quedan 2 en stock!,discordiapersa
fake_urgency,Todos los cursos por 1239 ARS c/u 00 : 42 : 37 horas mins segs,domestika
fake_urgency,La oferta termina en 00h : 42m : 23s,domestika
fake_urgency,La oferta termina en 02h : 59m : 56s,domestika
fake_scarcity,Ãšltimo,ebay
social_proof,En mÃ¡s de 20 carritos,etsy
fake_urgency,La oferta termina en 11:18:24,etsy
social_proof|fake_scarcity,Quedan 2 unidades y una estÃ¡ en el carrito de otra persona,etsy
social_proof,En 18 carritos,etsy
social_proof|fake_scarcity,Solo hay 1 y estÃ¡ en 1 carrito,etsy
fake_urgency,SOLO x 24h 00 : 54 : 38,falabella
fake_urgency,SOLO x 24h 18 : 21 : 52,falabella
fake_urgency,VÃ¡lido del 26/12 al 6/01,fravega
fake_urgency|fake_scarcity,Â¡NO TE LAS PIERDAS! QUEDAN: 00 : 36 : 29 Horas Mins Seg,gadnic
fake_urgency,OFERTA BOMBA Finaliza en: 02:26:03,gadnic
fake_urgency,OFERTA BOMBA Finaliza en: 00:26:03,gadnic
fake_urgency,OFERTA BOMBA Finaliza en: 04:26:03,gadnic
fake_scarcity,PRODUCTO VIRAL | STOCK BAJO,glowetta
social_proof,Juan P. acaba de comprar Aceite de orÃ©gano PACK 2 hace 5 minutos,glowetta
fake_urgency,"La oferta termina el 31 de diciembre, 2025",google
fake_scarcity,Â¡Quedan 2 habitaciones disponibles!,hospedium
fake_urgency,Hasta 72% off 02 : 19 : 39 : 53,hostinger
fake_urgency|fake_scarcity,Solo quedan pocos cupos. 02:53,kissmetric
fake_urgency,Â¡Por tiempo limitado!,la_naciÃ³n
fake_urgency,2x1 en Pantalones Milano solo por hoy 50% off,legacy_club
fake_urgency,FLASH SALE JUST FOR 24 HOURS 11 : 22 : 58,light_in_the_box
fake_scarcity,Â¡Solo quedan 2 en stock!,loned&carla
fake_scarcity,"Â¡No te lo pierdas, es el Ãºltimo!",loned&carla
fake_scarcity,Â¡Ãšltima disponible!,mercado_libre
fake_urgency|fake_scarcity,Â¡NO TE LO PIERDAS! QUEDAN 00 : 14 : 58 : 13 DE DESCUENTOS 9/9,mercado_libre
fake_urgency,Su estado: Desprotegido -69 % de descuento + 3 meses extra 00 : 09 : 37 : 34,nord_vpn
fake_urgency,Aprovecha el precio especial El precio especial termina en: 1d 13h 38m 37s,platzi
fake_urgency,Aprovecha el precio especial Termina en: 1 dÃ­as 13hrs 38min 11seg,platzi
fake_scarcity,Â¡Ãšltimas unidades!,puma
ninguno,Â¡TenÃ©s 30 dÃ­as de entregas gratis!,rappi
fake_urgency,Venta Flash Termina en > 06 : 41 : 16,shein
fake_urgency,CupÃ³n vÃ¡lido en todo el sitio Expira en 23:59:53,shein
fake_urgency,Venta Flash Por tiempo limitado,shein
fake_urgency,-19% Venta Flash,shein
fake_urgency,-28% | Ãšltimo dÃ­a,shein
fake_urgency,Â¡Ãšltimo dÃ­a,shein
fake_scarcity,ÃšLTIMAS 1 A PRECIO PROMOC...,temu
fake_urgency,-29% Ãºltimos 2 dÃ­as,temu
fake_urgency,43% DE DESCUENTO tiempo limitado,temu
fake_scarcity,QUEDA(N) 32,temu
fake_urgency,Mega oferta | Termina en 13:13:26:53,temu
fake_urgency,-43% Â¡ahora! Â¡Agrega al carrito!,temu
fake_scarcity,ÃšLTIMAS 1 A PRECIO PROMOCIONAL,temu
fake_urgency,-ARS9.714 adicional 11:58:14,temu
fake_urgency,-ARS5.446 adicional 11:58:14,temu
fake_urgency,Solo hoy 06 enero,pazprofunda
fake_urgency,Finaliza en 09:41,pazprofunda
fake_urgency|fake_scarcity,Â¡Date prisa! Los paquetes promocionales se agotaran pronto,pazprofunda
fake_scarcity,ActualizaciÃ³n: Solo quedan 37 unidades a partir de.,pazprofunda
fake_urgency,AHORA O NUNCA Sale,portsaid
fake_urgency,La oferta termina en 71h 59m,duolingo
fake_urgency,Oferta relÃ¡mpago de un dÃ­a,desconocido
fake_urgency,Ventas flash de fin de smeana,temu
fake_scarcity,SOLO QUEDAN(N) 3,temu
fake_urgency,Ãšltimo dÃ­a ,temu
fake_urgency,Ãšltima oportunidad,spotify
fake_scarcity,Â¡Ãšltimas 4 unidades disponibles!,stockcenter
fake_urgency,Solo quedan 12 horas para obtener 21% de descuento,temu
fake_scarcity,CASI AGOTADO(S),temu
fake_scarcity,ADVERTENCIA: Â¡ÃšLTIMOS ARTÃCULOS EN INVENTARIO!,tienda_clic
fake_scarcity,Â¡Solo 9 restantes!,wish
fake_urgency,Â¡Apurate! Estos descuentos terminan pronto,wish
fake_urgency,Flash Sale Termina en 7h 16m 2s.,udemy
fake_urgency,OFERTA FINALIZA EN 53 MIN.,ynkore
ninguno,"4 colores, 5 piezas",wish
ninguno,4 colores,wish
ninguno,Hasta 27% de descuento,wish
ninguno,8 tamaÃ±os,wish
ninguno,ARS2.100 de crÃ©dito por retraso,temu
ninguno,Llega a AR en tan solo 3 dÃ­as hÃ¡biles despuÃ©s del envÃ­o,temu
social_proof,558 ventas,temu
shaming,Continuar sin apoyarnos,Baeldung
shaming,"No gracias, no quiero tener mÃ¡s diversiÃ³n con mi bicicleta",Bicycling.com
shaming,"No gracias, prefiero pagar el precio completo",Booklinen
shaming,"No, quiero perder 1 dia por semana",ClickUp
shaming,"No gracias, prefiero pagar el precio completo por delicioso tÃ©",communiTEA
shaming,"No, no me importa cual es mejor",Desconocido
shaming,"No gracias, estoy bien perdiendo suscriptores",Desconocido
shaming,"No gracias, voy a hacer comida al microondas hoy",Delish
shaming,"No gracias, prefiero hacer todo el trabajo yo",Desconocido
shaming,No quiero beneficios,Despegar
shaming,"No gracias, no quiero entender a mi perro",Dogsters
shaming,Reject the ebook,eBook
shaming,"No gracias, no me gusta ahorrar tiempo y te odio",Desconocido
shaming,Me encanta ahorrar dinero,FashionNova
shaming,"No, estoy feliz con mi pÃ¡gina lenta",Desconocido
shaming,"No, estoy dispuesto a arriesgar mi vida",Desconocido
shaming,"No, me gusta pagar el precio completo",Desconocido
shaming,"OlvÃ­dalo, quiero juegos geniales",Desconocido
shaming,"No, odio los buenos momentos",Desconocido
shaming,"No gracias, odio los abrazos",Desconocido
shaming,Soy una mala persona,Desconocido
shaming,No quiero aprender,Desconocido
shaming,"No gracias, prefiero no aprender...",Desconocido
shaming,"No gracias, no necesito un logo asombroso",Logo
shaming,"No gracias, no quiero lucir bien",Desconocido
shaming,"No gracias, no estoy buscando una forma facil",Desconocido
shaming,"No, no quiero mantenerme vivo",MyMedic
shaming,"Si, quiero mÃ¡s trÃ¡fico",NeilPatel
shaming,"No, tengo suficiente trÃ¡fico",NeilPatel
shaming,"No gracias, no soy fanÃ¡tico del aire libre",Desconocido
shaming,"No gracias, no me gusta la comida deliciosa",Desconocido
shaming,"No, no me importa",RealTEA
shaming,"No gracias, no me gusta ahorrar",Desconocido
shaming,"Si, amo las ofertas",Desconocido
shaming,"No gracias, voy a ser el Ãºltimo en enterarme",Desconocido
shaming,"No quiero ser saludable, cancelar mi suscripciÃ³n",TreatsPlease
ninguno,No gracias,Desconocido
ninguno,Quiero aprender SEO,aprendoseo
ninguno,Quiero saber mÃ¡s,aprendoseo
ninguno,Quiero mÃ¡s info,aprendoseo
ninguno,Quiero mi cÃ³digo,LaNacion
ninguno,Quiero una consultorÃ­a digital,JuanMenorio
ninguno,"Si, me voy a quedar el producto",Amazon
ninguno,"No, lo quiero devolver",Amazon
ninguno,Si por favor,CocaCola
ninguno,Descubrirlo ahora,Desconocido
ninguno,Mostrame 14 recetas simples,Delish
ninguno,"Si, mandenmÃ© alertas de stock",Desconocido
ninguno,"Si, obtener el ebook",eBook
fake_urgency,Descargar ahora,eBook
ninguno,"Si, lo quiero",email
ninguno,"Si, me quiero registrar",Desconocido
ninguno,Cancelar mi suscripciÃ³n,Desconocido
ninguno,"Si, envienmÃ© el plan de comidas",Desconocido
ninguno,NoÂ quieroÂ suscribirmeÂ enÂ esteÂ momento,Desconocido
ninguno,He leÃ­do y acepto la polÃ­tica de privacidad,niacinamide
ninguno,Clase de yoga termina en 10 minutos,IA
ninguno,La inscripciÃ³n al curso cierra en 3 dÃ­as,IA
ninguno,Su sesiÃ³n expira en 5 minutos,IA
ninguno,El partido empieza en 15 minutos,IA
ninguno,La baterÃ­a del dispositivo se agotarÃ¡ en 2h,IA
ninguno,recibe un regalo extra,IA
ninguno,Tu sesiÃ³n caducarÃ¡ en 1 minuto,IA
ninguno,El examen comienza en 30 segundos,IA
ninguno,Â¡Participa ya!,IA
ninguno,gana descuentos exclusivos,IA
fake_scarcity,Ãšltimas unidades disponibles,IA
ninguno,Disponible prÃ³ximamente,boots
ninguno,Muy pronto,boots
ninguno,Tu pedido expirarÃ¡ en 11:38,Desconocido
ninguno,RecibÃ­ una alerta cuando estÃ© disponible,Desconocido
ninguno,Suscribite al aviso de lanzamiento,Desconocido
ninguno,Anotate para recibir una alerta cuando lancemos,Desconocido
ninguno,Tu pedido vence en 11:38,Desconocido
ninguno,Sorteo empieza,Desconocido
ninguno,Lanzamiento de remeras de Halloween,Desconocido
fake_urgency,Disponible Ãºnicamente durante una semana,Desconocido
ninguno,Drop de remeras de Halloween,Desconocido
ninguno,"En breve, una revista como nunca viste",Desconocido
ninguno,Â¡Consigue beneficios exclusivos dentro de la app suscribiendote antes del lanzamiento!,Desconocido
ninguno,Oferta extendida solo 2 dÃ­as,Desconocido
ninguno,Lanzamiento oficial en 24 horas,Desconocido
ninguno,Unetenos para la oportunidad de ganar una tarjeta de regalo de Amazon o una PlayStation 5,Desconocido
ninguno,Cuenta regresiva de AÃ±o Nuevo,Desconocido
ninguno,Tiempo Restante para tu AÃ±o Nuevo,Desconocido
ninguno,Tu contador regresivo para Navidad,Desconocido
fake_urgency,Oferta de tiempo limitado: Descarga mi libro gratis.,Desconocido
fake_urgency,Oferta del DÃ­a,Desconocido
ninguno,Token vencÃ© en ,Desconocido
fake_urgency,Ofertas del dÃ­a,Desconocido
fake_urgency,FijÃ¡ el precio mÃ¡s bajo,Desconocido
fake_urgency,El precio sube hasta 469 USD en,Desconocido
fake_urgency,PREORDENA AHORA,Desconocido
fake_urgency,Â¡Obten 10% de descuento entre tu primera orden! Codigo:FIRST10,Desconocido
fake_urgency,Â¡Apurate y consigue tus favoritos mientras puedas!,Desconocido
ninguno,ClasificaciÃ³n inicial de 2026,riot
ninguno,"Disponible en ",steam
ninguno,Siguiente stream en,twitch
ninguno,"No, estoy bien",Milenaria
ninguno,Ver denuevo,Instagram
ninguno,"Si, recibÃ­ el pedido",Milenaria
ninguno,"No, no recibÃ­ mi pedido",Milenaria
ninguno,"Si, deseo devolver mi compra",Milenaria
ninguno,PrefieroÂ recibirÂ novedadesÂ mÃ¡sÂ adelante,IA
ninguno,PrefieroÂ pagarÂ enÂ efectivo,IA
ninguno,NoÂ estoyÂ interesadoÂ enÂ estaÂ oferta,IA
ninguno,"No, gracias, quiero pensarlo un poco mÃ¡s",IA
ninguno,"No, gracias, no necesito ayuda por ahora",IA
ninguno,"No gracias, ya tengo suficiente informaciÃ³n",IA
ninguno,NoÂ quieroÂ suscribirmeÂ enÂ esteÂ momento,IA
ninguno,Prefiero no recibir correos promocionales,IA
ninguno,No guardar mi tarjeta para futuras compras,IA
ninguno,No permitir el uso de cookies opcionales,IA
ninguno,Quedarme con funciones bÃ¡sicas,IA
ninguno,No quiero recibir novedades,IA
ninguno,Prefiero continuar sin registrarme,IA
ninguno,"No gracias, me interesa en este momento",IA
ninguno,Quiero mantener mi configuraciÃ³n actual,IA
ninguno,Prefiero hacerlo mÃ¡s tarde,IA
ninguno,No autorizo el uso de cookies opcionales,IA
ninguno,Prefiero no compartir esta informaciÃ³n,IA
shaming,No quiero mejorar mi productividad,IA
shaming,Prefiero tirar mi dinero,IA
shaming,Prefiero seguir perdiendo dinero,IA
shaming,Prefiero complicarme la vida,IA
shaming,Prefiero ignorar esta ventaja,IA
shaming,Prefiero gastar mÃ¡s tiempo,IA
shaming,No gracias! No me gustan las ofertas,https://github.com/aruneshmathur/dark-patterns/blob/master/data/final-dark-patterns/dark-patterns.csv
shaming,"No, prefiero pagar el precio completo.",https://github.com/aruneshmathur/dark-patterns/blob/master/data/final-dark-patterns/dark-patterns.csv
shaming,No me gustan los descuentos,https://github.com/aruneshmathur/dark-patterns/blob/master/data/final-dark-patterns/dark-patterns.csv
shaming,"No gracias, prefiero pagar mÃ¡s.",https://github.com/aruneshmathur/dark-patterns/blob/master/data/final-dark-patterns/dark-patterns.csv
shaming,"No gracias, dejarÃ© pasar esta oferta increÃ­ble. No necesito texturas tan hermosas",https://github.com/aruneshmathur/dark-patterns/blob/master/data/final-dark-patterns/dark-patterns.csv
shaming,"No, no me siento con suerte",https://github.com/aruneshmathur/dark-patterns/blob/master/data/final-dark-patterns/dark-patterns.csv
shaming,"No gracias, no me gusta ahorrar dinero",https://github.com/aruneshmathur/dark-patterns/blob/master/data/final-dark-patterns/dark-patterns.csv
shaming,"No gracias, prefiero un 0% de descuento",https://github.com/aruneshmathur/dark-patterns/blob/master/data/final-dark-patterns/dark-patterns.csv
shaming,"No gracias, Â¡detesto los cupones!",https://github.com/aruneshmathur/dark-patterns/blob/master/data/final-dark-patterns/dark-patterns.csv
shaming,"No gracias, no me gusta recibir cosas gratis.",https://github.com/aruneshmathur/dark-patterns/blob/master/data/final-dark-patterns/dark-patterns.csv
shaming,QUIERO PAGAR MÃS TARDE ;),https://github.com/aruneshmathur/dark-patterns/blob/master/data/final-dark-patterns/dark-patterns.csv
shaming,"No gracias, prefiero pagar el precio total por mis zapatos!",https://github.com/aruneshmathur/dark-patterns/blob/master/data/final-dark-patterns/dark-patterns.csv
shaming,No deseo proteger mi artÃ­culo,https://github.com/aruneshmathur/dark-patterns/blob/master/data/final-dark-patterns/dark-patterns.csv
shaming,"NO GRACIAS, NO QUIERO AHORRAR DINERO",https://github.com/aruneshmathur/dark-patterns/blob/master/data/final-dark-patterns/dark-patterns.csv
shaming,"No gracias, no me gustan las ofertas exclusivas.",https://github.com/aruneshmathur/dark-patterns/blob/master/data/final-dark-patterns/dark-patterns.csv
shaming,Prefiero no ahorrar,https://github.com/aruneshmathur/dark-patterns/blob/master/data/final-dark-patterns/dark-patterns.csv
shaming,"No gracias, no me gusta la diversiÃ³n ni los juegos.",https://github.com/aruneshmathur/dark-patterns/blob/master/data/final-dark-patterns/dark-patterns.csv
shaming,"No, prefiero hacerlo de la manera difÃ­cil...",https://github.com/aruneshmathur/dark-patterns/blob/master/data/final-dark-patterns/dark-patterns.csv
shaming,"NO GRACIAS, NO ME IMPORTA PERDÃ‰RMELO",https://github.com/aruneshmathur/dark-patterns/blob/master/data/final-dark-patterns/dark-patterns.csv
shaming,"No gracias, prefiero pagar el envÃ­o.",https://github.com/aruneshmathur/dark-patterns/blob/master/data/final-dark-patterns/dark-patterns.csv
shaming,"No gracias, definitivamente medÃ­ correctamente",https://github.com/aruneshmathur/dark-patterns/blob/master/data/final-dark-patterns/dark-patterns.csv
shaming,No gracias. Â¡Amo el caos!,https://github.com/aruneshmathur/dark-patterns/blob/master/data/final-dark-patterns/dark-patterns.csv
shaming,"No gracias, preferirÃ­a no ganar.",https://github.com/aruneshmathur/dark-patterns/blob/master/data/final-dark-patterns/dark-patterns.csv
shaming,"No gracias, no quiero ninguna oferta",https://github.com/aruneshmathur/dark-patterns/blob/master/data/final-dark-patterns/dark-patterns.csv
shaming,"No gracias, no quiero software oficial al mejor precio.",https://github.com/aruneshmathur/dark-patterns/blob/master/data/final-dark-patterns/dark-patterns.csv
shaming,"No gracias, no quiero verme lo mejor posible",https://github.com/aruneshmathur/dark-patterns/blob/master/data/final-dark-patterns/dark-patterns.csv
shaming,"NO ME GUSTAN LOS REGALOS GRATIS, NO GRACIAS",https://github.com/aruneshmathur/dark-patterns/blob/master/data/final-dark-patterns/dark-patterns.csv
shaming,ComprarÃ© sin descuento,https://github.com/aruneshmathur/dark-patterns/blob/master/data/final-dark-patterns/dark-patterns.csv
shaming,"No gracias, tengo demasiadas cosas geniales de Glock!",https://github.com/aruneshmathur/dark-patterns/blob/master/data/final-dark-patterns/dark-patterns.csv
shaming,"No gracias, Â¡odio las cosas geniales!",https://github.com/aruneshmathur/dark-patterns/blob/master/data/final-dark-patterns/dark-patterns.csv
shaming,"No gracias, no me gusta ganar",https://github.com/aruneshmathur/dark-patterns/blob/master/data/final-dark-patterns/dark-patterns.csv
shaming,"No gracias! PreferirÃ­a unirme al club de ""Pagar Precio Completo por las Cosas"".",https://github.com/aruneshmathur/dark-patterns/blob/master/data/final-dark-patterns/dark-patterns.csv
shaming,"No gracias, ahorrarÃ© dinero otro dÃ­a",https://github.com/aruneshmathur/dark-patterns/blob/master/data/final-dark-patterns/dark-patterns.csv
shaming,"No gracias, dejarÃ© que esta oferta se escape",https://github.com/aruneshmathur/dark-patterns/blob/master/data/final-dark-patterns/dark-patterns.csv
shaming,"No gracias, serÃ© el Ãºltimo en enterarme.",https://github.com/aruneshmathur/dark-patterns/blob/master/data/final-dark-patterns/dark-patterns.csv
shaming,"No gracias, no quiero ahorrar hasta un 75%",https://github.com/aruneshmathur/dark-patterns/blob/master/data/final-dark-patterns/dark-patterns.csv
social_proof,Collin P. de Grandview Missouri acaba de comprar un TRAJE DE DOS BOTONES COLOR BURDEOS hace 5 segundos,https://github.com/aruneshmathur/dark-patterns/blob/master/data/final-dark-patterns/dark-patterns.csv
social_proof,"Faith en Glendale, Estados Unidos, comprÃ³ un paquete de muestra de 5 bolsas de ""Elige tus sabores"" hace aproximadamente 1 hora",https://github.com/aruneshmathur/dark-patterns/blob/master/data/final-dark-patterns/dark-patterns.csv
social_proof,Sharmeen Atif de Karachi acaba de comprar monturas de gafas metÃ¡licas elegantes para niÃ±os,https://github.com/aruneshmathur/dark-patterns/blob/master/data/final-dark-patterns/dark-patterns.csv
social_proof,9 personas estÃ¡n viendo esto.,https://github.com/aruneshmathur/dark-patterns/blob/master/data/final-dark-patterns/dark-patterns.csv
social_proof,5338 personas vieron esto en la Ãºltima hora,https://github.com/aruneshmathur/dark-patterns/blob/master/data/final-dark-patterns/dark-patterns.csv
social_proof,"Keith en Champaign, Illinois, comprÃ³ un convertidor de casete de audio mini USB a MP3 hace unos 56 minutos",https://github.com/aruneshmathur/dark-patterns/blob/master/data/final-dark-patterns/dark-patterns.csv
social_proof,"Jamie de Eloy, Estados Unidos, comprÃ³ un paquete de 4 aditivos para vapeo de aceite de CBD hace unas 7 horas",https://github.com/aruneshmathur/dark-patterns/blob/master/data/final-dark-patterns/dark-patterns.csv
social_proof,"Alguien en Kilwinning, Reino Unido, acaba de comprar una pulsera de cadena de eslabones cubanos",https://github.com/aruneshmathur/dark-patterns/blob/master/data/final-dark-patterns/dark-patterns.csv
social_proof,"Chelsea en Burlington, Wisconsin, comprÃ³ un mono ""Take Out The Boat"" en color negro hace unos 13 minutos",https://github.com/aruneshmathur/dark-patterns/blob/master/data/final-dark-patterns/dark-patterns.csv
social_proof,"Crystal Li en Flushing, Estados Unidos, realizÃ³ una compra",https://github.com/aruneshmathur/dark-patterns/blob/master/data/final-dark-patterns/dark-patterns.csv
social_proof,ğŸ”¥ 2 personas estÃ¡n mirando ahora mismo,https://github.com/aruneshmathur/dark-patterns/blob/master/data/final-dark-patterns/dark-patterns.csv
social_proof,3 personas compraron este artÃ­culo la semana pasada.,https://github.com/aruneshmathur/dark-patterns/blob/master/data/final-dark-patterns/dark-patterns.csv
social_proof,31 personas viendo este producto ahora mismo,https://github.com/aruneshmathur/dark-patterns/blob/master/data/final-dark-patterns/dark-patterns.csv
social_proof,"Ken en Oakland, Estados Unidos, comprÃ³ una sudadera Dreamville hace un mes",https://github.com/aruneshmathur/dark-patterns/blob/master/data/final-dark-patterns/dark-patterns.csv
social_proof,19 personas han visto este artÃ­culo,https://github.com/aruneshmathur/dark-patterns/blob/master/data/final-dark-patterns/dark-patterns.csv
social_proof,Rebecca en Buffalo acaba de comprar una muestra de satÃ©n cruzado hace una hora,https://github.com/aruneshmathur/dark-patterns/blob/master/data/final-dark-patterns/dark-patterns.csv
social_proof,"Alguien de Menlo Park, California, acaba de comprar un motor de monopatÃ­n elÃ©ctrico.",https://github.com/aruneshmathur/dark-patterns/blob/master/data/final-dark-patterns/dark-patterns.csv
social_proof,2 personas estÃ¡n viendo este anuncio ahora,https://github.com/aruneshmathur/dark-patterns/blob/master/data/final-dark-patterns/dark-patterns.csv
social_proof,4 vendidos en las Ãºltimas 5 horas,https://github.com/aruneshmathur/dark-patterns/blob/master/data/final-dark-patterns/dark-patterns.csv
social_proof,72 viendo este producto,https://github.com/aruneshmathur/dark-patterns/blob/master/data/final-dark-patterns/dark-patterns.csv
social_proof,"Mitchell H. comprÃ³ una chimenea elÃ©ctrica lineal empotrada Dimplex IgniteXL de 100""",https://github.com/aruneshmathur/dark-patterns/blob/master/data/final-dark-patterns/dark-patterns.csv
social_proof,Favorito de: Â¡400 personas!,https://github.com/aruneshmathur/dark-patterns/blob/master/data/final-dark-patterns/dark-patterns.csv
social_proof,"Annie en Cheras, Malasia, acaba de comprar: Kit de pintura por nÃºmeros Van-Go",https://github.com/aruneshmathur/dark-patterns/blob/master/data/final-dark-patterns/dark-patterns.csv
social_proof,"Kamal en Lathrop, Estados Unidos, comprÃ³ una camisa de manga larga con estampado de plumas Father Sons hace 4 horas",https://github.com/aruneshmathur/dark-patterns/blob/master/data/final-dark-patterns/dark-patterns.csv
social_proof,"Otra usuaria en Alexandria, Estados Unidos, acaba de pedir Flat Tummy Tea",https://github.com/aruneshmathur/dark-patterns/blob/master/data/final-dark-patterns/dark-patterns.csv
social_proof,Alguien comprÃ³ una camiseta roja y blanca de Forward Revive para mujer hace 32 minutos,https://github.com/aruneshmathur/dark-patterns/blob/master/data/final-dark-patterns/dark-patterns.csv
social_proof,30 visitantes en tiempo real ahora mismo,https://github.com/aruneshmathur/dark-patterns/blob/master/data/final-dark-patterns/dark-patterns.csv
social_proof,9 vendidos en las Ãºltimas 4 horas,https://github.com/aruneshmathur/dark-patterns/blob/master/data/final-dark-patterns/dark-patterns.csv
social_proof,"Alguien de Ciudad del Cabo, SudÃ¡frica, comenzÃ³ a comprar una bolsa de viaje plegable hace 5 minutos",https://github.com/aruneshmathur/dark-patterns/blob/master/data/final-dark-patterns/dark-patterns.csv
social_proof,61 personas ya han comprado este producto hoy con un 50% de descuento,https://github.com/aruneshmathur/dark-patterns/blob/master/data/final-dark-patterns/dark-patterns.csv
social_proof,"Sayeeganesh en Chennai, India, acaba de comprar la camiseta Dhoni the Finisher hace una hora",https://github.com/aruneshmathur/dark-patterns/blob/master/data/final-dark-patterns/dark-patterns.csv
social_proof,"1,446 personas han visto este artÃ­culo",https://github.com/aruneshmathur/dark-patterns/blob/master/data/final-dark-patterns/dark-patterns.csv
social_proof,218 personas han aÃ±adido este artÃ­culo al carrito,https://github.com/aruneshmathur/dark-patterns/blob/master/data/final-dark-patterns/dark-patterns.csv
social_proof,11 personas han comprado este artÃ­culo,https://github.com/aruneshmathur/dark-patterns/blob/master/data/final-dark-patterns/dark-patterns.csv
social_proof,Alguien de Noruega comprÃ³ un rallador Super FG - 12 veces mÃ¡s rÃ¡pido,https://github.com/aruneshmathur/dark-patterns/blob/master/data/final-dark-patterns/dark-patterns.csv
social_proof,38 personas estÃ¡n viendo esto,https://github.com/aruneshmathur/dark-patterns/blob/master/data/final-dark-patterns/dark-patterns.csv
social_proof,"Â¡Alguien de Rochedale, Queensland, Australia, comenzÃ³ a comprar esto!",https://github.com/aruneshmathur/dark-patterns/blob/master/data/final-dark-patterns/dark-patterns.csv
social_proof,39 lo compraron recientemente,https://github.com/aruneshmathur/dark-patterns/blob/master/data/final-dark-patterns/dark-patterns.csv
social_proof,85 lo tienen en su carrito,https://github.com/aruneshmathur/dark-patterns/blob/master/data/final-dark-patterns/dark-patterns.csv
social_proof,"Leah Rich en Louisville, Estados Unidos, realizÃ³ una compra",https://github.com/aruneshmathur/dark-patterns/blob/master/data/final-dark-patterns/dark-patterns.csv
social_proof,"Alguien en Madrid, EspaÃ±a, acaba de comprar",https://github.com/aruneshmathur/dark-patterns/blob/master/data/final-dark-patterns/dark-patterns.csv
social_proof,33 vendidos en las Ãºltimas 12 horas.,https://github.com/aruneshmathur/dark-patterns/blob/master/data/final-dark-patterns/dark-patterns.csv
social_proof,78 personas buscando este producto,https://github.com/aruneshmathur/dark-patterns/blob/master/data/final-dark-patterns/dark-patterns.csv
social_proof,"Jim en Houston, EE. UU., comprÃ³ el parche de CBD Pure Ratios",https://github.com/aruneshmathur/dark-patterns/blob/master/data/final-dark-patterns/dark-patterns.csv
social_proof,"Alguien en Ampang, Malasia, acaba de comprar",https://github.com/aruneshmathur/dark-patterns/blob/master/data/final-dark-patterns/dark-patterns.csv
social_proof,64 usuarios compraron este producto: Espejo de maquillaje Touch XL,https://github.com/aruneshmathur/dark-patterns/blob/master/data/final-dark-patterns/dark-patterns.csv
social_proof,Sudha Rana de Jaipur comprÃ³ este producto hace 23 minutos.,https://github.com/aruneshmathur/dark-patterns/blob/master/data/final-dark-patterns/dark-patterns.csv
social_proof,404 Pedidos,https://github.com/aruneshmathur/dark-patterns/blob/master/data/final-dark-patterns/dark-patterns.csv
social_proof,Â¡Estilo de tendencia! Vendido 4 veces hoy,https://github.com/aruneshmathur/dark-patterns/blob/master/data/final-dark-patterns/dark-patterns.csv
social_proof,"Alyssa en San Antonio, Estados Unidos, comprÃ³ una tarjeta de regalo de iTunes de 10000 JPY hace 35 minutos",https://github.com/aruneshmathur/dark-patterns/blob/master/data/final-dark-patterns/dark-patterns.csv
social_proof,"Alguien en ParÃ­s, Francia, acaba de comprar un juego de cuchillos Kanpeki",https://github.com/aruneshmathur/dark-patterns/blob/master/data/final-dark-patterns/dark-patterns.csv
social_proof,"3,081 personas han visto este artÃ­culo",https://github.com/aruneshmathur/dark-patterns/blob/master/data/final-dark-patterns/dark-patterns.csv
social_proof,166 personas han aÃ±adido este artÃ­culo al carrito,https://github.com/aruneshmathur/dark-patterns/blob/master/data/final-dark-patterns/dark-patterns.csv
social_proof,111 personas han comprado este artÃ­culo,https://github.com/aruneshmathur/dark-patterns/blob/master/data/final-dark-patterns/dark-patterns.csv
social_proof,7 personas lo tienen en su carrito,https://github.com/aruneshmathur/dark-patterns/blob/master/data/final-dark-patterns/dark-patterns.csv
social_proof,1 persona estÃ¡ viendo esto,https://github.com/aruneshmathur/dark-patterns/blob/master/data/final-dark-patterns/dark-patterns.csv
social_proof,273 unidades vendidas en los Ãºltimos 30 dÃ­as,https://github.com/aruneshmathur/dark-patterns/blob/master/data/final-dark-patterns/dark-patterns.csv
social_proof,Â¡33 personas le echaron el ojo a este artÃ­culo!,https://github.com/aruneshmathur/dark-patterns/blob/master/data/final-dark-patterns/dark-patterns.csv
social_proof,"Monira en Doha, Qatar, comprÃ³ una caja de terciopelo LilyVanityâ„¢",https://github.com/aruneshmathur/dark-patterns/blob/master/data/final-dark-patterns/dark-patterns.csv
social_proof,Theresa de Botkins acaba de comprar un vestido formal de encaje Panoply 14918,https://github.com/aruneshmathur/dark-patterns/blob/master/data/final-dark-patterns/dark-patterns.csv
social_proof,117 personas han visto este artÃ­culo en los Ãºltimos 7 dÃ­as.,https://github.com/aruneshmathur/dark-patterns/blob/master/data/final-dark-patterns/dark-patterns.csv
social_proof,"Sabrina en Paraparaumu, Nueva Zelanda, comprÃ³ chocolate energÃ©tico SCHO-KA-KOLA",https://github.com/aruneshmathur/dark-patterns/blob/master/data/final-dark-patterns/dark-patterns.csv
social_proof,3642 COMPRADOS,https://github.com/aruneshmathur/dark-patterns/blob/master/data/final-dark-patterns/dark-patterns.csv
social_proof,2049 vendidos en los Ãºltimos 7 dÃ­as,https://github.com/aruneshmathur/dark-patterns/blob/master/data/final-dark-patterns/dark-patterns.csv
social_proof,Alguien acaba de aÃ±adir el difusor nebulizador Radiance a su carrito,https://github.com/aruneshmathur/dark-patterns/blob/master/data/final-dark-patterns/dark-patterns.csv
social_proof,1626 personas viendo este producto ahora mismo,https://github.com/aruneshmathur/dark-patterns/blob/master/data/final-dark-patterns/dark-patterns.csv
social_proof,"Rose en Portland, Estados Unidos, comprÃ³ una funda para iPhone XR ecolÃ³gica hace unos 54 minutos",https://github.com/aruneshmathur/dark-patterns/blob/master/data/final-dark-patterns/dark-patterns.csv
social_proof,En los carritos de otros usuarios: 59,https://github.com/aruneshmathur/dark-patterns/blob/master/data/final-dark-patterns/dark-patterns.csv
social_proof,5 viendo este producto,https://github.com/aruneshmathur/dark-patterns/blob/master/data/final-dark-patterns/dark-patterns.csv
social_proof,Matthew en Charleston acaba de comprar el colchÃ³n Puffy Lux,https://github.com/aruneshmathur/dark-patterns/blob/master/data/final-dark-patterns/dark-patterns.csv
social_proof,Hayden cerca de Princeton acaba de comprar GOMITAS VEGANAS DE CBD,https://github.com/aruneshmathur/dark-patterns/blob/master/data/final-dark-patterns/dark-patterns.csv
social_proof,"Jessica en Metairie, Estados Unidos, comprÃ³ un vestido largo estilo playa",https://github.com/aruneshmathur/dark-patterns/blob/master/data/final-dark-patterns/dark-patterns.csv
social_proof,"Jessica en Orange, Estados Unidos, comprÃ³ un vestido largo estilo flapper de lentejuelas de 1920 hace 12 minutos",https://github.com/aruneshmathur/dark-patterns/blob/master/data/final-dark-patterns/dark-patterns.csv
social_proof,"2,221 personas han comprado este artÃ­culo",https://github.com/aruneshmathur/dark-patterns/blob/master/data/final-dark-patterns/dark-patterns.csv
social_proof,"19,302 personas han aÃ±adido este artÃ­culo al carrito",https://github.com/aruneshmathur/dark-patterns/blob/master/data/final-dark-patterns/dark-patterns.csv
social_proof,"25,439 personas han visto este artÃ­culo",https://github.com/aruneshmathur/dark-patterns/blob/master/data/final-dark-patterns/dark-patterns.csv
social_proof,Â¡ArtÃ­culo popular! ğŸ”¥ 27 personas compraron esto recientemente.,https://github.com/aruneshmathur/dark-patterns/blob/master/data/final-dark-patterns/dark-patterns.csv
social_proof|fake_scarcity,MÃ¡s de 752 usuarios estÃ¡n aÃ±adiendo fajas a su carrito. Â¿AÃºn queda tu talla?,https://github.com/aruneshmathur/dark-patterns/blob/master/data/final-dark-patterns/dark-patterns.csv
social_proof,17 personas han aÃ±adido este artÃ­culo al carrito,https://github.com/aruneshmathur/dark-patterns/blob/master/data/final-dark-patterns/dark-patterns.csv
social_proof,4 personas han comprado este artÃ­culo,https://github.com/aruneshmathur/dark-patterns/blob/master/data/final-dark-patterns/dark-patterns.csv
social_proof,161 personas han visto este artÃ­culo,https://github.com/aruneshmathur/dark-patterns/blob/master/data/final-dark-patterns/dark-patterns.csv
social_proof,Alguien en Egipto comprÃ³,https://github.com/aruneshmathur/dark-patterns/blob/master/data/final-dark-patterns/dark-patterns.csv
social_proof,"JOHN en Toowoomba City, Australia, comprÃ³ un tanque de resina hace 7 horas",https://github.com/aruneshmathur/dark-patterns/blob/master/data/final-dark-patterns/dark-patterns.csv
social_proof,"1,142 personas lo han aÃ±adido al carrito recientemente",https://github.com/aruneshmathur/dark-patterns/blob/master/data/final-dark-patterns/dark-patterns.csv
social_proof,"6,743 personas lo han visto recientemente",https://github.com/aruneshmathur/dark-patterns/blob/master/data/final-dark-patterns/dark-patterns.csv
social_proof,"Sierra en Cypress, California, comprÃ³ un vestido Beauty In All hace unos 46 minutos",https://github.com/aruneshmathur/dark-patterns/blob/master/data/final-dark-patterns/dark-patterns.csv
social_proof,"Tristan en Markham, CanadÃ¡, comprÃ³ una camiseta de bÃ©isbol Dragon",https://github.com/aruneshmathur/dark-patterns/blob/master/data/final-dark-patterns/dark-patterns.csv
social_proof,Â¡ArtÃ­culo Popular! ğŸ”¥ 16 personas lo estÃ¡n viendo y 18 lo compraron recientemente.,https://github.com/aruneshmathur/dark-patterns/blob/master/data/final-dark-patterns/dark-patterns.csv
social_proof,Â¡105 dueÃ±os de mascotas estÃ¡n comprando para sus amigos peludos ahora mismo!,https://github.com/aruneshmathur/dark-patterns/blob/master/data/final-dark-patterns/dark-patterns.csv
social_proof,339 usuarios estÃ¡n actualmente activos en nuestro sitio web,https://github.com/aruneshmathur/dark-patterns/blob/master/data/final-dark-patterns/dark-patterns.csv
social_proof,Debby en Harpers Ferry acaba de comprar: Herramienta de decoraciÃ³n con lÃ¡piz de glaseado,https://github.com/aruneshmathur/dark-patterns/blob/master/data/final-dark-patterns/dark-patterns.csv
social_proof,"Alguien en Tornado, Estados Unidos, acaba de comprar Fresh Melon Menthol hace 2 horas",https://github.com/aruneshmathur/dark-patterns/blob/master/data/final-dark-patterns/dark-patterns.csv
social_proof,Alguien de Huntingtown comprÃ³ el kit de pulido TopCoatÂ® F11Â® ahora mismo,https://github.com/aruneshmathur/dark-patterns/blob/master/data/final-dark-patterns/dark-patterns.csv
social_proof,Ken en Three Bridges comprÃ³ All Zebrawood + Olive Ash,https://github.com/aruneshmathur/dark-patterns/blob/master/data/final-dark-patterns/dark-patterns.csv
social_proof,"Alguien en Alexandria, Estados Unidos, acaba de comprar lentes de contacto de color TTDeye",https://github.com/aruneshmathur/dark-patterns/blob/master/data/final-dark-patterns/dark-patterns.csv
social_proof,1 persona estÃ¡ mirando este artÃ­culo.,https://github.com/aruneshmathur/dark-patterns/blob/master/data/final-dark-patterns/dark-patterns.csv
social_proof|fake_scarcity,Â¡ConsÃ­guelo rÃ¡pido! 14 aÃ±adidos a la bolsa hoy,https://github.com/aruneshmathur/dark-patterns/blob/master/data/final-dark-patterns/dark-patterns.csv
social_proof,30 personas han comprado este artÃ­culo,https://github.com/aruneshmathur/dark-patterns/blob/master/data/final-dark-patterns/dark-patterns.csv
social_proof,Comprado 6 veces esta semana.,https://github.com/aruneshmathur/dark-patterns/blob/master/data/final-dark-patterns/dark-patterns.csv
social_proof,17 personas han visto este vino hoy,https://github.com/aruneshmathur/dark-patterns/blob/master/data/final-dark-patterns/dark-patterns.csv
social_proof,24 personas han comprado este vino hoy,https://github.com/aruneshmathur/dark-patterns/blob/master/data/final-dark-patterns/dark-patterns.csv
social_proof,Jonathan en Syracuse acaba de comprar una baterÃ­a para monopatÃ­n elÃ©ctrico hace 4 horas,https://github.com/aruneshmathur/dark-patterns/blob/master/data/final-dark-patterns/dark-patterns.csv
social_proof,8 clientes han comprado hoy,https://github.com/aruneshmathur/dark-patterns/blob/master/data/final-dark-patterns/dark-patterns.csv
social_proof,80 clientes estÃ¡n considerando este producto ahora mismo.,https://github.com/aruneshmathur/dark-patterns/blob/master/data/final-dark-patterns/dark-patterns.csv
social_proof,24 vendidos en las Ãºltimas 24 horas.,https://github.com/aruneshmathur/dark-patterns/blob/master/data/final-dark-patterns/dark-patterns.csv
social_proof,21 personas miraron esto durante las Ãºltimas 24 horas,https://github.com/aruneshmathur/dark-patterns/blob/master/data/final-dark-patterns/dark-patterns.csv
social_proof,Alguien en Faizabad acaba de comprar: Manga para pene Pretty Love hace una hora,https://github.com/aruneshmathur/dark-patterns/blob/master/data/final-dark-patterns/dark-patterns.csv
social_proof|fake_scarcity,Â¡Comprado por 39 personas en las Ãºltimas horas! Â¡SÃšPER VENTAS!,https://github.com/aruneshmathur/dark-patterns/blob/master/data/final-dark-patterns/dark-patterns.csv
social_proof,23 personas viendo este producto,https://github.com/aruneshmathur/dark-patterns/blob/master/data/final-dark-patterns/dark-patterns.csv
social_proof,Alguien en Keilor East comprÃ³ un cuchillo para desollar Piranta-Edge hace 54 minutos,https://github.com/aruneshmathur/dark-patterns/blob/master/data/final-dark-patterns/dark-patterns.csv
social_proof,Otro cliente tiene este artÃ­culo en su carrito de compras,https://github.com/aruneshmathur/dark-patterns/blob/master/data/final-dark-patterns/dark-patterns.csv
social_proof,8 personas estÃ¡n viendo esta obra de arte,https://github.com/aruneshmathur/dark-patterns/blob/master/data/final-dark-patterns/dark-patterns.csv
social_proof,Â¡104 personas vieron este producto recientemente!,https://github.com/aruneshmathur/dark-patterns/blob/master/data/final-dark-patterns/dark-patterns.csv
social_proof,5 personas estÃ¡n viendo este producto ahora mismo,https://github.com/aruneshmathur/dark-patterns/blob/master/data/final-dark-patterns/dark-patterns.csv
social_proof,19 personas vieron este producto hoy,https://github.com/aruneshmathur/dark-patterns/blob/master/data/final-dark-patterns/dark-patterns.csv
social_proof,Otras 6 personas estÃ¡n viendo este artÃ­culo,https://github.com/aruneshmathur/dark-patterns/blob/master/data/final-dark-patterns/dark-patterns.csv
social_proof,65% de nuestros clientes aÃ±adieron protecciÃ³n Surefit este aÃ±o.,https://github.com/aruneshmathur/dark-patterns/blob/master/data/final-dark-patterns/dark-patterns.csv
social_proof,3 PERSONAS VIENDO,https://github.com/aruneshmathur/dark-patterns/blob/master/data/final-dark-patterns/dark-patterns.csv
social_proof,24 personas actualmente interesadas,https://github.com/aruneshmathur/dark-patterns/blob/master/data/final-dark-patterns/dark-patterns.csv
social_proof,3 personas estÃ¡n viendo este artÃ­culo ahora mismo,https://github.com/aruneshmathur/dark-patterns/blob/master/data/final-dark-patterns/dark-patterns.csv
social_proof|fake_scarcity,NO DEJES QUE SE ESCAPEN Varias personas han visto este artÃ­culo recientemente.,https://github.com/aruneshmathur/dark-patterns/blob/master/data/final-dark-patterns/dark-patterns.csv
social_proof,7 usuarios han mirado este producto en los Ãºltimos 6 minutos,https://github.com/aruneshmathur/dark-patterns/blob/master/data/final-dark-patterns/dark-patterns.csv
social_proof,"Alguien en Clinton, EE. UU. comprÃ³ un jersey de media cremallera hace 1 minuto",https://github.com/aruneshmathur/dark-patterns/blob/master/data/final-dark-patterns/dark-patterns.csv
social_proof,12 personas lo compraron recientemente.,https://github.com/aruneshmathur/dark-patterns/blob/master/data/final-dark-patterns/dark-patterns.csv
social_proof,2 personas estÃ¡n viendo esto,https://github.com/aruneshmathur/dark-patterns/blob/master/data/final-dark-patterns/dark-patterns.csv
social_proof,Alguien de Airdrie y otros 10,820 compraron este artÃ­culo recientemente.
social_proof,ESTE PRODUCTO HA SIDO VISTO 480 VECES EN LAS ÃšLTIMAS 48 HORAS,https://github.com/aruneshmathur/dark-patterns/blob/master/data/final-dark-patterns/dark-patterns.csv
social_proof,89 viendo actualmente,https://github.com/aruneshmathur/dark-patterns/blob/master/data/final-dark-patterns/dark-patterns.csv
social_proof|fake_scarcity,PRODUCTO POPULAR MÃ¡s de 250 personas estÃ¡n viendo este artÃ­culo.,https://github.com/aruneshmathur/dark-patterns/blob/master/data/final-dark-patterns/dark-patterns.csv
social_proof|fake_scarcity,Otros lo quieren. 10 personas tienen esto en su carrito ahora mismo.,https://github.com/aruneshmathur/dark-patterns/blob/master/data/final-dark-patterns/dark-patterns.csv
social_proof,88 PERSONAS VIERON EL ARTÃCULO EN LAS ÃšLTIMAS 24 HORAS,https://github.com/aruneshmathur/dark-patterns/blob/master/data/final-dark-patterns/dark-patterns.csv
social_proof,143 COMPRADOS,https://github.com/aruneshmathur/dark-patterns/blob/master/data/final-dark-patterns/dark-patterns.csv
social_proof,5338 personas compraron esto,https://github.com/aruneshmathur/dark-patterns/blob/master/data/final-dark-patterns/dark-patterns.csv
social_proof,69 personas estÃ¡n viendo esto,https://github.com/aruneshmathur/dark-patterns/blob/master/data/final-dark-patterns/dark-patterns.csv
social_proof,Alguien en New Lynn comprÃ³ unos auriculares Kogan A1 hace 1 hora.,https://github.com/aruneshmathur/dark-patterns/blob/master/data/final-dark-patterns/dark-patterns.csv
social_proof,146 personas compraron esto recientemente.,https://github.com/aruneshmathur/dark-patterns/blob/master/data/final-dark-patterns/dark-patterns.csv
social_proof,9 personas estÃ¡n viendo actualmente este producto,https://github.com/aruneshmathur/dark-patterns/blob/master/data/final-dark-patterns/dark-patterns.csv
social_proof,Michael M. de Lacey comprÃ³ un Cal King ahora mismo,https://github.com/aruneshmathur/dark-patterns/blob/master/data/final-dark-patterns/dark-patterns.csv
social_proof,308 visitas por dÃ­a,https://github.com/aruneshmathur/dark-patterns/blob/master/data/final-dark-patterns/dark-patterns.csv
social_proof,7 vendidos en las Ãºltimas 24 horas,https://github.com/aruneshmathur/dark-patterns/blob/master/data/final-dark-patterns/dark-patterns.csv
social_proof,2 visitas por hora,https://github.com/aruneshmathur/dark-patterns/blob/master/data/final-dark-patterns/dark-patterns.csv
social_proof,57 PERSONAS HAN MIRADO ESTO HOY,https://github.com/aruneshmathur/dark-patterns/blob/master/data/final-dark-patterns/dark-patterns.csv
social_proof,Esto estÃ¡ en otros 5 carritos.,https://github.com/aruneshmathur/dark-patterns/blob/master/data/final-dark-patterns/dark-patterns.csv
social_proof,Comprado 8 veces en los Ãºltimos dÃ­as.,https://github.com/aruneshmathur/dark-patterns/blob/master/data/final-dark-patterns/dark-patterns.csv
social_proof,6 personas han mirado esto en las Ãºltimas horas.,https://github.com/aruneshmathur/dark-patterns/blob/master/data/final-dark-patterns/dark-patterns.csv
social_proof,93 PERSONAS HAN COMPRADO ESTE PRODUCTO HOY,https://github.com/aruneshmathur/dark-patterns/blob/master/data/final-dark-patterns/dark-patterns.csv
social_proof,7 vendidos en las Ãºltimas 48 horas,https://github.com/aruneshmathur/dark-patterns/blob/master/data/final-dark-patterns/dark-patterns.csv
social_proof,210+ comprados,https://github.com/aruneshmathur/dark-patterns/blob/master/data/final-dark-patterns/dark-patterns.csv
social_proof,99 personas estÃ¡n viendo esto ahora mismo,https://github.com/aruneshmathur/dark-patterns/blob/master/data/final-dark-patterns/dark-patterns.csv
social_proof,11 personas vieron esto hoy!,https://github.com/aruneshmathur/dark-patterns/blob/master/data/final-dark-patterns/dark-patterns.csv
social_proof,Visto 1040 veces en los Ãºltimos 7 dÃ­as,https://github.com/aruneshmathur/dark-patterns/blob/master/data/final-dark-patterns/dark-patterns.csv
social_proof|fake_scarcity,Â¡Date prisa! Otras 6 personas tienen este producto en su carrito,https://github.com/aruneshmathur/dark-patterns/blob/master/data/final-dark-patterns/dark-patterns.csv
social_proof|fake_scarcity,Â¡Date prisa! Otras 22 personas tienen este producto en su carrito,https://github.com/aruneshmathur/dark-patterns/blob/master/data/final-dark-patterns/dark-patterns.csv
social_proof,8 personas han visto este producto hoy!,https://github.com/aruneshmathur/dark-patterns/blob/master/data/final-dark-patterns/dark-patterns.csv
social_proof|fake_scarcity,Â¡No te lo pierdas! Hemos vendido 38 en los Ãºltimos dÃ­as.,https://github.com/aruneshmathur/dark-patterns/blob/master/data/final-dark-patterns/dark-patterns.csv
social_proof,52 personas estÃ¡n viendo esto ahora mismo.,https://github.com/aruneshmathur/dark-patterns/blob/master/data/final-dark-patterns/dark-patterns.csv
social_proof,#6 MÃ¡s vendido en Alfombras. Este artÃ­culo fue visto 92 veces ayer.,https://github.com/aruneshmathur/dark-patterns/blob/master/data/final-dark-patterns/dark-patterns.csv
social_proof,MÃ¡s de 38 comprados,https://github.com/aruneshmathur/dark-patterns/blob/master/data/final-dark-patterns/dark-patterns.csv
social_proof|fake_scarcity,Â¡MUY POPULAR! 21 comprados en los Ãºltimos 7 dÃ­as.,https://github.com/aruneshmathur/dark-patterns/blob/master/data/final-dark-patterns/dark-patterns.csv
social_proof,156 vendidos en las Ãºltimas 24 horas,https://github.com/aruneshmathur/dark-patterns/blob/master/data/final-dark-patterns/dark-patterns.csv
social_proof,VISTO RECIENTEMENTE Otros 2 vieron esto en las Ãºltimas horas,https://github.com/aruneshmathur/dark-patterns/blob/master/data/final-dark-patterns/dark-patterns.csv
social_proof,40 usuarios estÃ¡n activos en nuestro sitio web justo ahora.,https://github.com/aruneshmathur/dark-patterns/blob/master/data/final-dark-patterns/dark-patterns.csv
social_proof,45 AÃ‘ADIDOS A LA BOLSA EN LAS ÃšLTIMAS 24 HORAS,https://github.com/aruneshmathur/dark-patterns/blob/master/data/final-dark-patterns/dark-patterns.csv
social_proof,7 personas miraron este producto en las Ãºltimas 24 horas.,https://github.com/aruneshmathur/dark-patterns/blob/master/data/final-dark-patterns/dark-patterns.csv
social_proof,251 personas estÃ¡n viendo esto ahora mismo,https://github.com/aruneshmathur/dark-patterns/blob/master/data/final-dark-patterns/dark-patterns.csv
social_proof,127 personas vieron este producto esta semana,https://github.com/aruneshmathur/dark-patterns/blob/master/data/final-dark-patterns/dark-patterns.csv
social_proof|fake_scarcity,Â¡Tendencia ahora! AÃ±adido a la cesta 490 veces hoy,https://github.com/aruneshmathur/dark-patterns/blob/master/data/final-dark-patterns/dark-patterns.csv
social_proof,EN LA BOLSA DE COMPRAS DE 43 PERSONAS,https://github.com/aruneshmathur/dark-patterns/blob/master/data/final-dark-patterns/dark-patterns.csv
social_proof,EL MÃS POPULAR,https://github.com/aruneshmathur/dark-patterns/blob/master/data/final-dark-patterns/dark-patterns.csv
social_proof,660 personas lo han visto hoy,https://github.com/aruneshmathur/dark-patterns/blob/master/data/final-dark-patterns/dark-patterns.csv
social_proof,113 personas lo han visto en las Ãºltimas 24 horas,https://github.com/aruneshmathur/dark-patterns/blob/master/data/final-dark-patterns/dark-patterns.csv
social_proof,407 clientes han visto este artÃ­culo recientemente,https://github.com/aruneshmathur/dark-patterns/blob/master/data/final-dark-patterns/dark-patterns.csv
social_proof|fake_scarcity,MoviÃ©ndose rÃ¡pido: Â¡35 PERSONAS aÃ±adieron esto al carrito hoy!,https://github.com/aruneshmathur/dark-patterns/blob/master/data/final-dark-patterns/dark-patterns.csv
social_proof,22 personas han mirado esta pieza recientemente,https://github.com/aruneshmathur/dark-patterns/blob/master/data/final-dark-patterns/dark-patterns.csv
social_proof,8 personas tienen esto en su bolsa ahora mismo.,https://github.com/aruneshmathur/dark-patterns/blob/master/data/final-dark-patterns/dark-patterns.csv
social_proof,Comprado mÃ¡s de 100 veces en los Ãºltimos dÃ­as.,https://github.com/aruneshmathur/dark-patterns/blob/master/data/final-dark-patterns/dark-patterns.csv
social_proof,92 clientes compraron esto en las Ãºltimas 48 horas,https://github.com/aruneshmathur/dark-patterns/blob/master/data/final-dark-patterns/dark-patterns.csv
social_proof,62 personas han visto este artÃ­culo en las Ãºltimas horas.,https://github.com/aruneshmathur/dark-patterns/blob/master/data/final-dark-patterns/dark-patterns.csv
social_proof,13 personas lo han aÃ±adido a su carrito,https://github.com/aruneshmathur/dark-patterns/blob/master/data/final-dark-patterns/dark-patterns.csv
social_proof,135 personas tienen esto en su carrito,https://github.com/aruneshmathur/dark-patterns/blob/master/data/final-dark-patterns/dark-patterns.csv
social_proof,AÃ±adir a la lista de deseos (13 personas lo han aÃ±adido),https://github.com/aruneshmathur/dark-patterns/blob/master/data/final-dark-patterns/dark-patterns.csv
social_proof,77 PERSONAS LES GUSTA ESTO,https://github.com/aruneshmathur/dark-patterns/blob/master/data/final-dark-patterns/dark-patterns.csv
social_proof,43 aÃ±adidos a la bolsa en las Ãºltimas 48 horas,https://github.com/aruneshmathur/dark-patterns/blob/master/data/final-dark-patterns/dark-patterns.csv
social_proof,MÃ¡s de 200 visitas en 24 horas,https://github.com/aruneshmathur/dark-patterns/blob/master/data/final-dark-patterns/dark-patterns.csv
social_proof,227 ya comprados,https://github.com/aruneshmathur/dark-patterns/blob/master/data/final-dark-patterns/dark-patterns.csv
social_proof,POPULAR otros 62 revisaron esto en las Ãºltimas horas.,https://github.com/aruneshmathur/dark-patterns/blob/master/data/final-dark-patterns/dark-patterns.csv
social_proof,Visto 744 veces hoy,https://github.com/aruneshmathur/dark-patterns/blob/master/data/final-dark-patterns/dark-patterns.csv
social_proof,12 clientes vieron este producto hoy!,https://github.com/aruneshmathur/dark-patterns/blob/master/data/final-dark-patterns/dark-patterns.csv
social_proof,6 clientes tienen esto en su cesta,https://github.com/aruneshmathur/dark-patterns/blob/master/data/final-dark-patterns/dark-patterns.csv
social_proof|fake_scarcity,Â¡Se vende rÃ¡pido! AÃ±adido a la bolsa 7 veces en las Ãºltimas 48 horas.,https://github.com/aruneshmathur/dark-patterns/blob/master/data/final-dark-patterns/dark-patterns.csv
social_proof,228 personas han visto este producto recientemente!,https://github.com/aruneshmathur/dark-patterns/blob/master/data/final-dark-patterns/dark-patterns.csv
social_proof,Otras 3 personas estÃ¡n viendo este artÃ­culo actualmente.,https://github.com/aruneshmathur/dark-patterns/blob/master/data/final-dark-patterns/dark-patterns.csv
social_proof,Otros 2 clientes lo tienen en su carrito.,https://github.com/aruneshmathur/dark-patterns/blob/master/data/final-dark-patterns/dark-patterns.csv
social_proof,1044 vendidos en los Ãºltimos 12 meses,https://github.com/aruneshmathur/dark-patterns/blob/master/data/final-dark-patterns/dark-patterns.csv
social_proof,2 clientes lo compraron recientemente,https://github.com/aruneshmathur/dark-patterns/blob/master/data/final-dark-patterns/dark-patterns.csv
social_proof,2 PERSONAS HAN AÃ‘ADIDO ESTE ARTÃCULO A SU CARRITO HOY,https://github.com/aruneshmathur/dark-patterns/blob/master/data/final-dark-patterns/dark-patterns.csv
social_proof,2+ personas acaban de ver este producto,https://github.com/aruneshmathur/dark-patterns/blob/master/data/final-dark-patterns/dark-patterns.csv
social_proof,MÃ¡s de 238 personas han comprado este producto,https://github.com/aruneshmathur/dark-patterns/blob/master/data/final-dark-patterns/dark-patterns.csv
social_proof,994 artÃ­culos vendidos esta hora.,https://github.com/aruneshmathur/dark-patterns/blob/master/data/final-dark-patterns/dark-patterns.csv
social_proof,52 personas han aÃ±adido este producto a la bolsa en las Ãºltimas 72 horas,https://github.com/aruneshmathur/dark-patterns/blob/master/data/final-dark-patterns/dark-patterns.csv
social_proof,4 comprados en las Ãºltimas 24 horas.,https://github.com/aruneshmathur/dark-patterns/blob/master/data/final-dark-patterns/dark-patterns.csv
social_proof,137 usuarios estÃ¡n actualmente activos en nuestro sitio web,https://github.com/aruneshmathur/dark-patterns/blob/master/data/final-dark-patterns/dark-patterns.csv
social_proof,4 personas estÃ¡n viendo esto ahora mismo.,https://github.com/aruneshmathur/dark-patterns/blob/master/data/final-dark-patterns/dark-patterns.csv
social_proof,41 personas han mirado esto en las Ãºltimas horas,https://github.com/aruneshmathur/dark-patterns/blob/master/data/final-dark-patterns/dark-patterns.csv
social_proof,Â¡Otros 6 ya han comprado esta oferta hoy!,https://github.com/aruneshmathur/dark-patterns/blob/master/data/final-dark-patterns/dark-patterns.csv
social_proof,Â¡232 personas estÃ¡n viendo esta oferta!,https://github.com/aruneshmathur/dark-patterns/blob/master/data/final-dark-patterns/dark-patterns.csv
social_proof,436 usuarios estÃ¡n activos ahora mismo,https://github.com/aruneshmathur/dark-patterns/blob/master/data/final-dark-patterns/dark-patterns.csv
social_proof,39 personas tienen esto en su carrito,https://github.com/aruneshmathur/dark-patterns/blob/master/data/final-dark-patterns/dark-patterns.csv
fake_scarcity,Â¡Se vende rÃ¡pido!,[https://github.com/aruneshmathur/dark-patterns/blob/master/data/final-dark-patterns/dark-patterns.csv](https://github.com/aruneshmathur/dark-patterns/blob/master/data/final-dark-patterns/dark-patterns.csv)
fake_scarcity,Â¡Se agotarÃ¡ pronto!,[https://github.com/aruneshmathur/dark-patterns/blob/master/data/final-dark-patterns/dark-patterns.csv](https://github.com/aruneshmathur/dark-patterns/blob/master/data/final-dark-patterns/dark-patterns.csv)
fake_scarcity,Â¡Fuerte demanda! Â¡Completa tu pedido antes de que sea demasiado tarde!,[https://github.com/aruneshmathur/dark-patterns/blob/master/data/final-dark-patterns/dark-patterns.csv](https://github.com/aruneshmathur/dark-patterns/blob/master/data/final-dark-patterns/dark-patterns.csv)
fake_scarcity,"Un artÃ­culo que pediste tiene mucha demanda. No te preocupes, hemos reservado tu pedido.",[https://github.com/aruneshmathur/dark-patterns/blob/master/data/final-dark-patterns/dark-patterns.csv](https://github.com/aruneshmathur/dark-patterns/blob/master/data/final-dark-patterns/dark-patterns.csv)
fake_scarcity,Los artÃ­culos en tu carrito tienen una demanda MUY alta.,[https://github.com/aruneshmathur/dark-patterns/blob/master/data/final-dark-patterns/dark-patterns.csv](https://github.com/aruneshmathur/dark-patterns/blob/master/data/final-dark-patterns/dark-patterns.csv)
fake_scarcity,Los artÃ­culos en tu carrito tienen mucha demanda.,[https://github.com/aruneshmathur/dark-patterns/blob/master/data/final-dark-patterns/dark-patterns.csv](https://github.com/aruneshmathur/dark-patterns/blob/master/data/final-dark-patterns/dark-patterns.csv)
fake_scarcity,Demanda extremadamente alta: espera de 2 a 4 semanas para que llegue (por las dudas). LÃ­mite de 4 por persona!,[https://github.com/aruneshmathur/dark-patterns/blob/master/data/final-dark-patterns/dark-patterns.csv](https://github.com/aruneshmathur/dark-patterns/blob/master/data/final-dark-patterns/dark-patterns.csv)
fake_scarcity,Alta demanda,[https://github.com/aruneshmathur/dark-patterns/blob/master/data/final-dark-patterns/dark-patterns.csv](https://github.com/aruneshmathur/dark-patterns/blob/master/data/final-dark-patterns/dark-patterns.csv)
fake_scarcity,ALTA DEMANDA,[https://github.com/aruneshmathur/dark-patterns/blob/master/data/final-dark-patterns/dark-patterns.csv](https://github.com/aruneshmathur/dark-patterns/blob/master/data/final-dark-patterns/dark-patterns.csv)
fake_scarcity,"Un artÃ­culo que pediste tiene mucha demanda. No te preocupes, hemos priorizado tu pedido.",[https://github.com/aruneshmathur/dark-patterns/blob/master/data/final-dark-patterns/dark-patterns.csv](https://github.com/aruneshmathur/dark-patterns/blob/master/data/final-dark-patterns/dark-patterns.csv)
fake_scarcity,Este artÃ­culo tiene mucha demanda.,[https://github.com/aruneshmathur/dark-patterns/blob/master/data/final-dark-patterns/dark-patterns.csv](https://github.com/aruneshmathur/dark-patterns/blob/master/data/final-dark-patterns/dark-patterns.csv)
fake_scarcity,"Lo sentimos, esto estÃ¡ agotado. Te lo acabas de perder.",[https://github.com/aruneshmathur/dark-patterns/blob/master/data/final-dark-patterns/dark-patterns.csv](https://github.com/aruneshmathur/dark-patterns/blob/master/data/final-dark-patterns/dark-patterns.csv)
fake_scarcity,Los artÃ­culos en tu carrito se estÃ¡n vendiendo rÃ¡pido,[https://github.com/aruneshmathur/dark-patterns/blob/master/data/final-dark-patterns/dark-patterns.csv](https://github.com/aruneshmathur/dark-patterns/blob/master/data/final-dark-patterns/dark-patterns.csv)
fake_scarcity,Los artÃ­culos en tu carrito tienen mucha demanda. Pero hemos reservado tu pedido.,[https://github.com/aruneshmathur/dark-patterns/blob/master/data/final-dark-patterns/dark-patterns.csv](https://github.com/aruneshmathur/dark-patterns/blob/master/data/final-dark-patterns/dark-patterns.csv)
fake_scarcity,UNA VEZ QUE SE AGOTE SE ACABÃ“,[https://github.com/aruneshmathur/dark-patterns/blob/master/data/final-dark-patterns/dark-patterns.csv](https://github.com/aruneshmathur/dark-patterns/blob/master/data/final-dark-patterns/dark-patterns.csv)
fake_urgency|fake_scarcity,Â¡SE VENDE RÃPIDO! OBTÃ‰N UN 10% DE DESCUENTO EN ESTE ARTÃCULO. ACTÃVALO AHORA.,[https://github.com/aruneshmathur/dark-patterns/blob/master/data/final-dark-patterns/dark-patterns.csv](https://github.com/aruneshmathur/dark-patterns/blob/master/data/final-dark-patterns/dark-patterns.csv)
fake_scarcity,"Nuestros artÃ­culos se venden rÃ¡pido, Â¡no te lo pierdas!",[https://github.com/aruneshmathur/dark-patterns/blob/master/data/final-dark-patterns/dark-patterns.csv](https://github.com/aruneshmathur/dark-patterns/blob/master/data/final-dark-patterns/dark-patterns.csv)
fake_scarcity,UN ARTÃCULO EN TU CARRITO SE ESTÃ AGOTANDO RÃPIDAMENTE,[https://github.com/aruneshmathur/dark-patterns/blob/master/data/final-dark-patterns/dark-patterns.csv](https://github.com/aruneshmathur/dark-patterns/blob/master/data/final-dark-patterns/dark-patterns.csv)
fake_scarcity,Â¡EN ALTA DEMANDA!,[https://github.com/aruneshmathur/dark-patterns/blob/master/data/final-dark-patterns/dark-patterns.csv](https://github.com/aruneshmathur/dark-patterns/blob/master/data/final-dark-patterns/dark-patterns.csv)
fake_scarcity,En demanda,[https://github.com/aruneshmathur/dark-patterns/blob/master/data/final-dark-patterns/dark-patterns.csv](https://github.com/aruneshmathur/dark-patterns/blob/master/data/final-dark-patterns/dark-patterns.csv)
fake_urgency|fake_scarcity,"Debido a la ALTA demanda, el carrito expira en: 08:41",https://github.com/aruneshmathur/dark-patterns/blob/master/data/final-dark-patterns/dark-patterns.csv](https://github.com/aruneshmathur/dark-patterns/blob/master/data/final-dark-patterns/dark-patterns.csv
fake_scarcity,VendiÃ©ndose rÃ¡pido,[https://github.com/aruneshmathur/dark-patterns/blob/master/data/final-dark-patterns/dark-patterns.csv](https://github.com/aruneshmathur/dark-patterns/blob/master/data/final-dark-patterns/dark-patterns.csv)
fake_urgency|fake_scarcity,"Â¡Date prisa, este estilo se vende rÃ¡pido!",[https://github.com/aruneshmathur/dark-patterns/blob/master/data/final-dark-patterns/dark-patterns.csv](https://github.com/aruneshmathur/dark-patterns/blob/master/data/final-dark-patterns/dark-patterns.csv)
fake_urgency,11 11 Hours: 00 22 Minutes: 3223 3223 Seconds Sale Ends Once The Timer Hits Zero!,aruneshmathur_dark_patterns
fake_urgency,Your order is reserved for 09:45 minutes!,aruneshmathur_dark_patterns
fake_urgency,Your order is reserved for 08:48 minutes!,aruneshmathur_dark_patterns
fake_urgency,HURRY! EXCLUSIVE DEAL FOR YOU! 1 4 : 4 5,aruneshmathur_dark_patterns
fake_urgency,00DAYS02HRS14MINS1211SEC,aruneshmathur_dark_patterns
fake_urgency,"Due To HIGH Demand, Cart Expires In: 08:41",aruneshmathur_dark_patterns
fake_urgency,Hurry up! Prices increase in 0 DAYS 11 HRS 59 MINS 55 SECS,aruneshmathur_dark_patterns
fake_urgency,Cart will expire in 04:53 minutes!,aruneshmathur_dark_patterns
fake_urgency,Your order is reserved for 09:35 minutes!,aruneshmathur_dark_patterns
fake_urgency,00DAYS00HOURS14MINUTES21SECONDS,aruneshmathur_dark_patterns
fake_urgency,Your order is reserved for 09:14 minutes!,aruneshmathur_dark_patterns
fake_urgency,0 DAYS22 HOURS13 MINUTES21 SECONDS,aruneshmathur_dark_patterns
fake_urgency,Today's sale ends in: 00hours:57min:19sec,aruneshmathur_dark_patterns
fake_urgency,Hurry up! Sale Ends in,aruneshmathur_dark_patterns
fake_urgency,Your cart is reserved for 09:35 minutes.,aruneshmathur_dark_patterns
fake_urgency,0 Days 2 Hours 57 Minutes 53 Seconds,aruneshmathur_dark_patterns
fake_urgency,Your order is reserved for 09:54 minutes!,aruneshmathur_dark_patterns
fake_urgency,Your order is reserved for 09:57 minutes!,aruneshmathur_dark_patterns
fake_urgency,00 Days 02 Hrs 26 Mins 12 Sec Sale Ends Once The Timer Hits Zero!,aruneshmathur_dark_patterns
fake_urgency,Activate within 0:30:00,aruneshmathur_dark_patterns
fake_urgency,00DAYS07HOURS09MINUTES39SECONDS,aruneshmathur_dark_patterns
fake_urgency,FREE NECKLACE FOR MOM 01Days 01Hrs 35Mins 02Secs,aruneshmathur_dark_patterns
fake_urgency,Hurry up! Discount Ends in DAYS HRS MINS SECS,aruneshmathur_dark_patterns
fake_urgency,EXTRA -30% OFF WITH CODE: EXTRA30 Ends in: 0 0 0 0 days 0 0 4 4 hours . 0 0 9 9 min . 2 2 8 8 sec,aruneshmathur_dark_patterns
fake_urgency,Your order is reserved for 09:56 minutes!,aruneshmathur_dark_patterns
fake_urgency,Cart will expire in 08:19 minutes!,aruneshmathur_dark_patterns
ninguno,SAVE $200 OFF PUFFY,aruneshmathur_dark_patterns
fake_urgency,11 11 Hours: 00 22 Minutes: 3223 3223 Seconds,aruneshmathur_dark_patterns
fake_urgency,00DAYS00HOURS47MINUTES36SECONDS SALE ENDS ONCE COUNTER HITS ZERO,aruneshmathur_dark_patterns
fake_urgency,01 Hours 37 Minutes 48 Seconds 1/10s,aruneshmathur_dark_patterns
fake_urgency,13:09:27 HOURS MINUTES SECONDS Sale Ends Once The Timer Hits Zero!,aruneshmathur_dark_patterns
fake_urgency,00Days17Hours12Mins13Secs,aruneshmathur_dark_patterns
fake_urgency,Your order is reserved for 29:52 minutes!,aruneshmathur_dark_patterns
fake_urgency,Hurry! This special sale ends in 2h 42m 0s,aruneshmathur_dark_patterns
fake_urgency,Enter your email VIEW MY CODE OFFER EXPIRES IN: 0 minutes 00 seconds EXTRA 10% OFF,aruneshmathur_dark_patterns
fake_urgency,YOUR CART IS ELIGIBLE FOR AN ADDITIONAL 10% OFF Including Current Promotions + Sale & Clearance 00 hours :29 minutes :26 seconds CHECK OUT NOW,aruneshmathur_dark_patterns
fake_urgency,Save 25% on your entire order 09 Hours 57 Minutes 34Seconds use code: SPRING25,aruneshmathur_dark_patterns
fake_urgency,Sale ending in 0 days 04 hours 12 minutes 10 seconds,aruneshmathur_dark_patterns
fake_urgency,Your order is reserved for 19:57 minutes.,aruneshmathur_dark_patterns
fake_urgency,00 DAYS 00 HOURS 29 MINUTES 26 SECONDS,aruneshmathur_dark_patterns
fake_urgency,Discount pending $10 OFF 00:30:00,aruneshmathur_dark_patterns
fake_urgency,Your order will be reserved for 6:56 minutes.,aruneshmathur_dark_patterns
fake_urgency,02:06:40 left to buy,aruneshmathur_dark_patterns
fake_urgency,Special sale ends in,aruneshmathur_dark_patterns
fake_urgency,0011Days:0088Hours:4411Minutes:21125445Seconds,aruneshmathur_dark_patterns
fake_urgency,FLASH 19:15:22,aruneshmathur_dark_patterns
fake_urgency,02 DAYS :23 HOURS :00 MINS :54 SECS,aruneshmathur_dark_patterns
fake_urgency,Please Order Within: 0 0 : 0 2 : 4 1 : 10 65,aruneshmathur_dark_patterns
fake_urgency,Explosive Offers! 80% Off Everything 07:25:41,aruneshmathur_dark_patterns
fake_urgency,Your order is prioritized for 13:22 minutes!,aruneshmathur_dark_patterns
fake_urgency,LIMITED TIME LEFT! 00 : 46 : 11,aruneshmathur_dark_patterns
fake_urgency,00 HRS 57 MINS 56 SECS,aruneshmathur_dark_patterns
fake_urgency,2 DAYS 13:06:13,aruneshmathur_dark_patterns
fake_urgency,Sale Ends in 5 days 14 hours 42 mins 53 sec,aruneshmathur_dark_patterns
fake_urgency,Hurry! Sale Ends In: 02:59:50,aruneshmathur_dark_patterns
ninguno,Spring Sale Extended,aruneshmathur_dark_patterns
fake_urgency,ENDS IN - Flash Offer - TWO PAIRS OF SHOES FOR $319 PROMO CODE AUTO-APPLIED AT CHECKOUT! 0 Days : 16 Hours : 09 Minutes : 57 Seconds,aruneshmathur_dark_patterns
fake_urgency,2day 13:49:51 Left,aruneshmathur_dark_patterns
fake_urgency,Days left until the offer ends: 00 Days 04:43:35,aruneshmathur_dark_patterns
fake_urgency,Your cart is reserved for 14:05 minutes!,aruneshmathur_dark_patterns
fake_urgency,"SALE ENDS IN 19 DAYS, 9 HOURS, 50 MINUTES, 54 SECONDS",aruneshmathur_dark_patterns
fake_urgency,Your one-time offer! Enjoy 10% off sitewide. Applied at checkout Offer ends in: 04 hrs 37 min 56 sec,aruneshmathur_dark_patterns
fake_urgency,Checkout within 04:10 so we don't run out of stock!,aruneshmathur_dark_patterns
fake_urgency,Deal expires in: 03 hrs 25 mins 22 sec,aruneshmathur_dark_patterns
fake_urgency,1day21:04:58,aruneshmathur_dark_patterns
fake_urgency,-90% discount if you order within 9:55:44,aruneshmathur_dark_patterns
fake_urgency,OFFER EXPIRES IN: YES NO Want 10% Off Your First Order? 7 minutes 35 seconds,aruneshmathur_dark_patterns
fake_urgency,Order in 13:16 to get $200 off your mattress,aruneshmathur_dark_patterns
fake_urgency,60% OFF ENDS IN DAYS HOURS MINUTES SECONDS,aruneshmathur_dark_patterns
fake_urgency,00:15:07:45,aruneshmathur_dark_patterns
fake_urgency,BE QUICK 00:57:33 DON'T MISS OUT,aruneshmathur_dark_patterns
fake_urgency,VIP OFFERS END 00:54:59,aruneshmathur_dark_patterns
fake_urgency,Offer ends in 15hrs 1min 56sec!,aruneshmathur_dark_patterns
fake_urgency,3Days01:49:51 Left,aruneshmathur_dark_patterns
fake_urgency,activate within 10:00,aruneshmathur_dark_patterns
fake_urgency,Your Cart Will Expire In 09:58 minutes!Please note that these items may not be available again if you release them.,aruneshmathur_dark_patterns
fake_urgency,0:44:56,aruneshmathur_dark_patterns
fake_urgency,Hurry Up ! Time is running out,aruneshmathur_dark_patterns
fake_urgency,4 days 05:46:20,aruneshmathur_dark_patterns
fake_urgency,Complete your purchase within the next 12:18 minutes and receive 10% off,aruneshmathur_dark_patterns
fake_urgency,HAUTELOOK 04:53,aruneshmathur_dark_patterns
fake_urgency,Offer ends 0Hours:04Minutes:46Seconds,aruneshmathur_dark_patterns
fake_urgency,25% OFF* ENDS IN 00 : 12 : 27 : 15 DAYS HRS. MIN. SEC.,aruneshmathur_dark_patterns
fake_urgency,3DAYS124606,aruneshmathur_dark_patterns
fake_urgency,Items will be reserved in your cart for 19:10,aruneshmathur_dark_patterns
fake_urgency,OFFER ENDS IN: 00:32:04 TIME IS RUNNING OUT!,aruneshmathur_dark_patterns
fake_urgency,Offer ends in,aruneshmathur_dark_patterns
fake_urgency,You left 2 items in your bag Released in: 29 minutes :07 seconds,aruneshmathur_dark_patterns
fake_urgency,Wait! YOUR CART QUALIFIES FOR 15% OFF YOUR ENTIRE ORDER. Offer Expires in: 2955,aruneshmathur_dark_patterns
fake_urgency,Deal Ends In 2 : DAYS13 : HRS10 : MIN24 SEC,aruneshmathur_dark_patterns
fake_urgency,Flash Sale ends in SHOP NOW,aruneshmathur_dark_patterns
fake_urgency,DEAL ENDS IN 40:55:13,aruneshmathur_dark_patterns
fake_urgency,Offer ends in 9hrs 55min 29sec!,aruneshmathur_dark_patterns
fake_urgency,HURRY! DON'T MISS THIS DEAL! DAYS 0 1 HRS 1 2 MINS 3 1 SECONDS,aruneshmathur_dark_patterns
fake_urgency,Your order is reserved for 07:28 minutes!,aruneshmathur_dark_patterns
fake_urgency,Order in 14:53 to get 2 pillows for free,aruneshmathur_dark_patterns
fake_urgency,HURRY! ENDS IN: 10 HRS 40 MIN 00 SEC,aruneshmathur_dark_patterns
fake_urgency,Flash Sale - Almost Over! 00 HOURS : 55 1001 MINUTES : 0550 8778 SECONDS,aruneshmathur_dark_patterns
fake_urgency,LAST CHANCE - UP TO 70% OFF - ENDS IN: 20 HRS 28 MINS 30 SECS,aruneshmathur_dark_patterns
fake_urgency,1DAYS 04 HOURS 17 MINUTES 18 SECONDS,aruneshmathur_dark_patterns
fake_urgency,HURRY! YOUR 10% OFF EXPIRES IN 29:43,aruneshmathur_dark_patterns
fake_urgency,Offer ends in 03 days 19 hours : 54 mins : 22 secs,aruneshmathur_dark_patterns
fake_urgency,35% OFF EVERYTHING* EXCL SALE & BEAUTY ENTER: DOLL35 - HURRY! ENDS IN  16H 59M 06S,aruneshmathur_dark_patterns
fake_urgency,"HURRY, ORDER WITHIN 16h 59m 06s TO GET 35% OFF EVERYTHING* EXCL SALE & BEAUTY ENTER: DOLL35",aruneshmathur_dark_patterns
fake_urgency,LAST CHANCE TO SAVE... enter your email to Save 20% on your first order 00 hours :29 minutes :43 seconds,aruneshmathur_dark_patterns
fake_urgency,OFFER ENDS 00:54:59,aruneshmathur_dark_patterns
fake_urgency,HURRY! ENDS IN: 11 HRS 20 MIN 13 SEC,aruneshmathur_dark_patterns
fake_urgency,Your order has been reserved for,aruneshmathur_dark_patterns
fake_urgency,"Ends in 1 Days, 4 Minutes, 44 Seconds",aruneshmathur_dark_patterns
fake_urgency,OFFER ENDS: 09h: 09m: 55s: 0,aruneshmathur_dark_patterns
fake_urgency,HURRY UP > 09H 42M 39S,aruneshmathur_dark_patterns
fake_urgency,Items reserved for 15:00,aruneshmathur_dark_patterns
fake_urgency,Get 20% off Sample Doors! Ã—Offer Ends In 58 : 29 Use Promo Code sample20off,aruneshmathur_dark_patterns
fake_urgency,Massive Tax Time Sale See Discounts! Sale ends in,aruneshmathur_dark_patterns
fake_urgency,1 day 08:15:25,aruneshmathur_dark_patterns
fake_urgency,SAVE 10% On All Orders. No Voucher Code Needed Expires in 18:07:59.,aruneshmathur_dark_patterns
fake_urgency,"UP TO 60% OFF SPRING SALE PLUS 10% OFF ALL SHOWERS ENTER CODE SHOWERS10 AT CHECKOUT, MUST END TUESDAY 02DAYS  :  04HOURS  :  13MINS  :  28SECS",aruneshmathur_dark_patterns
fake_urgency,"Hurry, Limited Time Offer! 11:25",aruneshmathur_dark_patterns
fake_urgency,Time remaining: 04:50,aruneshmathur_dark_patterns
fake_urgency,Price Guaranteed For DAYS/HRS/MINS/SECS,aruneshmathur_dark_patterns
fake_urgency,"Hurry, Sale ends in 9 Hours!",aruneshmathur_dark_patterns
,,
,,
,,
,,
,,
,,
,,
,,
,,
,,
,,
,,
,,
,,
,,
,,
,,
,,
,,
,,
,,
,,
,,
,,
,,
,,
,,
,,
,,
,,
,,
,,
,,
,,
,,
,,
,,
,,
,,
,,
,,
,,
,,
,,
,,
,,
,,
,,
,,
,,
,,
,,
,,
,,
,,
,,
,,
,,
,,
,,
,,
,,
,,
,,
,,
,,
,,
,,
,,
,,
,,
,,
,,
,,
,,
,,
,,
,,
,,
,,
,,
,,
,,
,,
,,
,,
,,
,,
,,
,,
,,
,,
,,
,,
,,
,,
,,
,,
,,
,,
,,
,,
,,
,,
,,
,,
,,
,,
,,
,,
,,
,,
,,
,,
,,
,,
,,
,,
,,
,,
,,
,,
,,
,,
,,
,,
,,
,,
,,
,,
,,
,,
,,
,,
,,
,,
,,
,,
,,
,,
,,
,,
,,
,,
,,
,,
,,
,,
,,
,,
,,
,,
,,
,,
,,
,,
,,
,,
,,
,,
,,
,,
,,
,,
,,
,,
,,
,,
,,
,,
,,
,,
,,
,,
,,
,,
,,
,,
,,
,,
,,
,,
,,
,,
,,
,,
,,
,,
,,
,,
,,
,,
,,
,,
,,
,,
,,
,,
,,
,,
,,
,,
,,
,,
,,
,,
,,
,,
,,
,,
,,
,,
,,
,,
,,
,,
,,
,,
,,
,,
,,
,,
,,
,,
,,
,,
,,
,,
,,
,,
,,
,,
,,
,,